total_number_messages_human;total_number_messages_agent;average_message_length_human;average_message_length_agent;world_nr;tick_nr
0;0;nan;nan;1;0
0;0;nan;nan;1;1
0;1;nan;14.0;1;2
0;1;nan;14.0;1;3
0;1;nan;14.0;1;4
0;1;nan;14.0;1;5
0;1;nan;14.0;1;6
0;1;nan;14.0;1;7
0;1;nan;14.0;1;8
0;1;nan;14.0;1;9
0;1;nan;14.0;1;10
0;1;nan;14.0;1;11
0;1;nan;14.0;1;12
0;1;nan;14.0;1;13
0;1;nan;14.0;1;14
0;1;nan;14.0;1;15
0;1;nan;14.0;1;16
0;1;nan;14.0;1;17
0;1;nan;14.0;1;18
0;1;nan;14.0;1;19
0;1;nan;14.0;1;20
0;1;nan;14.0;1;21
0;1;nan;14.0;1;22
0;1;nan;14.0;1;23
0;1;nan;14.0;1;24
0;1;nan;14.0;1;25
0;1;nan;14.0;1;26
0;1;nan;14.0;1;27
0;1;nan;14.0;1;28
0;1;nan;14.0;1;29
0;1;nan;14.0;1;30
0;1;nan;14.0;1;31
0;1;nan;14.0;1;32
0;1;nan;14.0;1;33
0;1;nan;14.0;1;34
0;1;nan;14.0;1;35
0;1;nan;14.0;1;36
0;1;nan;14.0;1;37
0;1;nan;14.0;1;38
0;1;nan;14.0;1;39
0;1;nan;14.0;1;40
0;1;nan;14.0;1;41
0;1;nan;14.0;1;42
0;1;nan;14.0;1;43
0;1;nan;14.0;1;44
0;1;nan;14.0;1;45
0;1;nan;14.0;1;46
0;1;nan;14.0;1;47
0;1;nan;14.0;1;48
0;1;nan;14.0;1;49
0;1;nan;14.0;1;50
0;1;nan;14.0;1;51
0;1;nan;14.0;1;52
0;1;nan;14.0;1;53
0;1;nan;14.0;1;54
0;1;nan;14.0;1;55
0;1;nan;14.0;1;56
0;1;nan;14.0;1;57
0;1;nan;14.0;1;58
0;1;nan;14.0;1;59
0;1;nan;14.0;1;60
0;1;nan;14.0;1;61
0;3;nan;15.0;1;62
0;3;nan;15.0;1;63
0;3;nan;15.0;1;64
0;3;nan;15.0;1;65
0;3;nan;15.0;1;66
0;3;nan;15.0;1;67
0;3;nan;15.0;1;68
0;3;nan;15.0;1;69
0;3;nan;15.0;1;70
0;3;nan;15.0;1;71
0;3;nan;15.0;1;72
0;3;nan;15.0;1;73
0;3;nan;15.0;1;74
0;3;nan;15.0;1;75
0;3;nan;15.0;1;76
0;3;nan;15.0;1;77
0;3;nan;15.0;1;78
0;3;nan;15.0;1;79
0;3;nan;15.0;1;80
0;3;nan;15.0;1;81
0;3;nan;15.0;1;82
0;3;nan;15.0;1;83
0;3;nan;15.0;1;84
0;3;nan;15.0;1;85
0;3;nan;15.0;1;86
0;3;nan;15.0;1;87
0;3;nan;15.0;1;88
0;3;nan;15.0;1;89
0;3;nan;15.0;1;90
0;3;nan;15.0;1;91
0;3;nan;15.0;1;92
0;3;nan;15.0;1;93
0;3;nan;15.0;1;94
0;3;nan;15.0;1;95
0;3;nan;15.0;1;96
0;3;nan;15.0;1;97
0;3;nan;15.0;1;98
0;3;nan;15.0;1;99
0;3;nan;15.0;1;100
0;3;nan;15.0;1;101
0;3;nan;15.0;1;102
0;3;nan;15.0;1;103
0;3;nan;15.0;1;104
0;3;nan;15.0;1;105
0;3;nan;15.0;1;106
0;3;nan;15.0;1;107
0;3;nan;15.0;1;108
0;3;nan;15.0;1;109
0;3;nan;15.0;1;110
0;3;nan;15.0;1;111
0;3;nan;15.0;1;112
0;3;nan;15.0;1;113
0;3;nan;15.0;1;114
0;3;nan;15.0;1;115
0;3;nan;15.0;1;116
0;3;nan;15.0;1;117
0;3;nan;15.0;1;118
0;3;nan;15.0;1;119
0;3;nan;15.0;1;120
0;3;nan;15.0;1;121
0;3;nan;15.0;1;122
0;3;nan;15.0;1;123
0;3;nan;15.0;1;124
0;3;nan;15.0;1;125
0;3;nan;15.0;1;126
0;3;nan;15.0;1;127
0;3;nan;15.0;1;128
0;3;nan;15.0;1;129
0;3;nan;15.0;1;130
0;3;nan;15.0;1;131
0;3;nan;15.0;1;132
0;3;nan;15.0;1;133
0;4;nan;14.5;1;134
0;4;nan;14.5;1;135
0;4;nan;14.5;1;136
0;4;nan;14.5;1;137
0;5;nan;14.2;1;138
0;5;nan;14.2;1;139
0;5;nan;14.2;1;140
0;5;nan;14.2;1;141
0;5;nan;14.2;1;142
0;5;nan;14.2;1;143
0;5;nan;14.2;1;144
0;5;nan;14.2;1;145
0;5;nan;14.2;1;146
0;5;nan;14.2;1;147
0;5;nan;14.2;1;148
0;5;nan;14.2;1;149
0;5;nan;14.2;1;150
0;5;nan;14.2;1;151
0;5;nan;14.2;1;152
0;5;nan;14.2;1;153
0;5;nan;14.2;1;154
0;5;nan;14.2;1;155
0;5;nan;14.2;1;156
0;5;nan;14.2;1;157
0;6;nan;15.17;1;158
0;6;nan;15.17;1;159
0;6;nan;15.17;1;160
0;6;nan;15.17;1;161
0;6;nan;15.17;1;162
0;6;nan;15.17;1;163
0;6;nan;15.17;1;164
0;6;nan;15.17;1;165
0;7;nan;14.86;1;166
0;7;nan;14.86;1;167
0;7;nan;14.86;1;168
0;7;nan;14.86;1;169
0;7;nan;14.86;1;170
0;7;nan;14.86;1;171
0;7;nan;14.86;1;172
0;7;nan;14.86;1;173
0;7;nan;14.86;1;174
0;7;nan;14.86;1;175
0;7;nan;14.86;1;176
0;7;nan;14.86;1;177
0;7;nan;14.86;1;178
0;7;nan;14.86;1;179
0;7;nan;14.86;1;180
0;7;nan;14.86;1;181
0;7;nan;14.86;1;182
0;7;nan;14.86;1;183
0;7;nan;14.86;1;184
0;7;nan;14.86;1;185
0;7;nan;14.86;1;186
0;7;nan;14.86;1;187
0;7;nan;14.86;1;188
0;7;nan;14.86;1;189
0;7;nan;14.86;1;190
0;7;nan;14.86;1;191
0;7;nan;14.86;1;192
0;7;nan;14.86;1;193
0;7;nan;14.86;1;194
0;7;nan;14.86;1;195
0;7;nan;14.86;1;196
0;7;nan;14.86;1;197
0;7;nan;14.86;1;198
0;7;nan;14.86;1;199
0;7;nan;14.86;1;200
0;7;nan;14.86;1;201
0;7;nan;14.86;1;202
0;7;nan;14.86;1;203
0;7;nan;14.86;1;204
0;7;nan;14.86;1;205
0;7;nan;14.86;1;206
0;7;nan;14.86;1;207
0;7;nan;14.86;1;208
0;7;nan;14.86;1;209
0;7;nan;14.86;1;210
0;7;nan;14.86;1;211
0;7;nan;14.86;1;212
0;7;nan;14.86;1;213
0;7;nan;14.86;1;214
0;7;nan;14.86;1;215
0;7;nan;14.86;1;216
0;7;nan;14.86;1;217
0;7;nan;14.86;1;218
0;7;nan;14.86;1;219
0;7;nan;14.86;1;220
0;7;nan;14.86;1;221
0;7;nan;14.86;1;222
0;7;nan;14.86;1;223
0;7;nan;14.86;1;224
0;7;nan;14.86;1;225
0;7;nan;14.86;1;226
0;7;nan;14.86;1;227
0;7;nan;14.86;1;228
0;7;nan;14.86;1;229
0;7;nan;14.86;1;230
0;7;nan;14.86;1;231
0;7;nan;14.86;1;232
0;7;nan;14.86;1;233
0;7;nan;14.86;1;234
0;7;nan;14.86;1;235
0;7;nan;14.86;1;236
0;7;nan;14.86;1;237
0;7;nan;14.86;1;238
0;7;nan;14.86;1;239
0;7;nan;14.86;1;240
0;7;nan;14.86;1;241
0;7;nan;14.86;1;242
0;7;nan;14.86;1;243
0;7;nan;14.86;1;244
0;7;nan;14.86;1;245
0;7;nan;14.86;1;246
0;7;nan;14.86;1;247
0;7;nan;14.86;1;248
0;7;nan;14.86;1;249
0;7;nan;14.86;1;250
0;7;nan;14.86;1;251
0;7;nan;14.86;1;252
0;7;nan;14.86;1;253
0;7;nan;14.86;1;254
0;7;nan;14.86;1;255
0;7;nan;14.86;1;256
0;7;nan;14.86;1;257
0;7;nan;14.86;1;258
0;7;nan;14.86;1;259
0;7;nan;14.86;1;260
0;7;nan;14.86;1;261
0;7;nan;14.86;1;262
0;7;nan;14.86;1;263
0;7;nan;14.86;1;264
0;7;nan;14.86;1;265
0;7;nan;14.86;1;266
0;7;nan;14.86;1;267
0;7;nan;14.86;1;268
0;7;nan;14.86;1;269
0;7;nan;14.86;1;270
0;7;nan;14.86;1;271
0;7;nan;14.86;1;272
0;7;nan;14.86;1;273
0;8;nan;14.88;1;274
0;8;nan;14.88;1;275
0;8;nan;14.88;1;276
0;8;nan;14.88;1;277
0;10;nan;15.1;1;278
0;10;nan;15.1;1;279
0;10;nan;15.1;1;280
0;10;nan;15.1;1;281
0;10;nan;15.1;1;282
0;10;nan;15.1;1;283
0;10;nan;15.1;1;284
0;10;nan;15.1;1;285
0;10;nan;15.1;1;286
0;10;nan;15.1;1;287
0;10;nan;15.1;1;288
0;10;nan;15.1;1;289
0;10;nan;15.1;1;290
0;10;nan;15.1;1;291
0;10;nan;15.1;1;292
0;10;nan;15.1;1;293
0;10;nan;15.1;1;294
0;10;nan;15.1;1;295
0;10;nan;15.1;1;296
0;10;nan;15.1;1;297
0;10;nan;15.1;1;298
0;10;nan;15.1;1;299
0;10;nan;15.1;1;300
0;10;nan;15.1;1;301
0;10;nan;15.1;1;302
0;10;nan;15.1;1;303
0;10;nan;15.1;1;304
0;10;nan;15.1;1;305
0;10;nan;15.1;1;306
0;10;nan;15.1;1;307
0;10;nan;15.1;1;308
0;10;nan;15.1;1;309
0;10;nan;15.1;1;310
0;10;nan;15.1;1;311
0;10;nan;15.1;1;312
0;10;nan;15.1;1;313
0;10;nan;15.1;1;314
0;10;nan;15.1;1;315
0;10;nan;15.1;1;316
0;10;nan;15.1;1;317
0;10;nan;15.1;1;318
0;10;nan;15.1;1;319
0;10;nan;15.1;1;320
0;10;nan;15.1;1;321
0;10;nan;15.1;1;322
0;10;nan;15.1;1;323
0;10;nan;15.1;1;324
0;10;nan;15.1;1;325
0;10;nan;15.1;1;326
0;10;nan;15.1;1;327
0;10;nan;15.1;1;328
