score;completeness;rescuebot_action;rescuebot_location;human_action;human_location;world_nr;tick_nr
0;0.0;;(22, 11);;(22, 12);1;0
0;0.0;;(22, 11);;(22, 12);1;1
0;0.0;;(22, 11);;(22, 12);1;2
0;0.0;;(22, 11);;(22, 12);1;3
0;0.0;;(22, 11);;(22, 12);1;4
0;0.0;;(22, 11);;(22, 12);1;5
0;0.0;;(22, 11);;(22, 12);1;6
0;0.0;;(22, 11);;(22, 12);1;7
0;0.0;;(22, 11);;(22, 12);1;8
0;0.0;;(22, 11);;(22, 12);1;9
0;0.0;;(22, 11);;(22, 12);1;10
0;0.0;;(22, 11);;(22, 12);1;11
0;0.0;;(22, 11);;(22, 12);1;12
0;0.0;;(22, 11);;(22, 12);1;13
0;0.0;;(22, 11);;(22, 12);1;14
0;0.0;;(22, 11);;(22, 12);1;15
0;0.0;;(22, 11);;(22, 12);1;16
0;0.0;;(22, 11);;(22, 12);1;17
0;0.0;;(22, 11);;(22, 12);1;18
0;0.0;;(22, 11);;(22, 12);1;19
0;0.0;;(22, 11);;(22, 12);1;20
0;0.0;;(22, 11);;(22, 12);1;21
0;0.0;;(22, 11);;(22, 12);1;22
0;0.0;;(22, 11);;(22, 12);1;23
0;0.0;;(22, 11);;(22, 12);1;24
0;0.0;;(22, 11);;(22, 12);1;25
0;0.0;;(22, 11);;(22, 12);1;26
0;0.0;;(22, 11);;(22, 12);1;27
0;0.0;;(22, 11);;(22, 12);1;28
0;0.0;;(22, 11);;(22, 12);1;29
0;0.0;;(22, 11);;(22, 12);1;30
0;0.0;;(22, 11);;(22, 12);1;31
0;0.0;;(22, 11);;(22, 12);1;32
0;0.0;;(22, 11);;(22, 12);1;33
0;0.0;;(22, 11);;(22, 12);1;34
0;0.0;;(22, 11);;(22, 12);1;35
0;0.0;;(22, 11);;(22, 12);1;36
0;0.0;;(22, 11);;(22, 12);1;37
0;0.0;;(22, 11);;(22, 12);1;38
0;0.0;;(22, 11);;(22, 12);1;39
0;0.0;;(22, 11);;(22, 12);1;40
0;0.0;;(22, 11);;(22, 12);1;41
0;0.0;;(22, 11);;(22, 12);1;42
0;0.0;;(22, 11);MoveWest;(21, 12);1;43
0;0.0;;(22, 11);MoveWest;(20, 12);1;44
0;0.0;MoveNorth;(22, 11);;(20, 12);1;45
0;0.0;MoveNorth;(22, 11);;(20, 12);1;46
0;0.0;MoveNorth;(22, 11);MoveSouth;(20, 13);1;47
0;0.0;MoveNorth;(22, 11);MoveSouth;(20, 14);1;48
0;0.0;MoveNorth;(22, 11);;(20, 14);1;49
0;0.0;MoveNorth;(22, 11);MoveSouth;(20, 15);1;50
0;0.0;MoveNorth;(22, 11);;(20, 15);1;51
0;0.0;MoveNorth;(22, 11);;(20, 15);1;52
0;0.0;MoveNorth;(22, 10);;(20, 15);1;53
0;0.0;MoveNorth;(22, 10);;(20, 15);1;54
0;0.0;MoveNorth;(22, 10);;(20, 15);1;55
0;0.0;MoveNorth;(22, 10);;(20, 15);1;56
0;0.0;MoveNorth;(22, 10);;(20, 15);1;57
0;0.0;MoveNorth;(22, 10);;(20, 15);1;58
0;0.0;MoveNorth;(22, 10);;(20, 15);1;59
0;0.0;MoveNorth;(22, 10);;(20, 15);1;60
0;0.0;MoveNorth;(22, 10);;(20, 15);1;61
0;0.0;MoveNorth;(22, 9);;(20, 15);1;62
0;0.0;MoveNorth;(22, 9);;(20, 15);1;63
0;0.0;MoveNorth;(22, 9);;(20, 15);1;64
0;0.0;MoveNorth;(22, 9);;(20, 15);1;65
0;0.0;MoveNorth;(22, 9);;(20, 15);1;66
0;0.0;MoveNorth;(22, 9);;(20, 15);1;67
0;0.0;MoveNorth;(22, 9);;(20, 15);1;68
0;0.0;MoveNorth;(22, 9);;(20, 15);1;69
0;0.0;MoveNorth;(22, 9);;(20, 15);1;70
0;0.0;MoveNorth;(22, 8);;(20, 15);1;71
0;0.0;MoveNorth;(22, 8);;(20, 15);1;72
0;0.0;MoveNorth;(22, 8);;(20, 15);1;73
0;0.0;MoveNorth;(22, 8);;(20, 15);1;74
0;0.0;MoveNorth;(22, 8);;(20, 15);1;75
0;0.0;MoveNorth;(22, 8);;(20, 15);1;76
0;0.0;MoveNorth;(22, 8);;(20, 15);1;77
0;0.0;MoveNorth;(22, 8);;(20, 15);1;78
0;0.0;MoveNorth;(22, 8);;(20, 15);1;79
0;0.0;MoveNorth;(22, 7);;(20, 15);1;80
0;0.0;MoveNorthWest;(22, 7);;(20, 15);1;81
0;0.0;MoveNorthWest;(22, 7);;(20, 15);1;82
0;0.0;MoveNorthWest;(22, 7);;(20, 15);1;83
0;0.0;MoveNorthWest;(22, 7);;(20, 15);1;84
0;0.0;MoveNorthWest;(22, 7);;(20, 15);1;85
0;0.0;MoveNorthWest;(22, 7);;(20, 15);1;86
0;0.0;MoveNorthWest;(22, 7);;(20, 15);1;87
0;0.0;MoveNorthWest;(22, 7);;(20, 15);1;88
0;0.0;MoveNorthWest;(21, 6);;(20, 15);1;89
0;0.0;MoveNorth;(21, 6);;(20, 15);1;90
0;0.0;MoveNorth;(21, 6);;(20, 15);1;91
0;0.0;MoveNorth;(21, 6);;(20, 15);1;92
0;0.0;MoveNorth;(21, 6);;(20, 15);1;93
0;0.0;MoveNorth;(21, 6);;(20, 15);1;94
0;0.0;MoveNorth;(21, 6);;(20, 15);1;95
0;0.0;MoveNorth;(21, 6);;(20, 15);1;96
0;0.0;MoveNorth;(21, 6);;(20, 15);1;97
0;0.0;MoveNorth;(21, 5);;(20, 15);1;98
0;0.0;MoveNorth;(21, 5);;(20, 15);1;99
0;0.0;MoveNorth;(21, 5);;(20, 15);1;100
0;0.0;MoveNorth;(21, 5);;(20, 15);1;101
0;0.0;MoveNorth;(21, 5);;(20, 15);1;102
0;0.0;MoveNorth;(21, 5);;(20, 15);1;103
0;0.0;MoveNorth;(21, 5);;(20, 15);1;104
0;0.0;MoveNorth;(21, 5);;(20, 15);1;105
0;0.0;MoveNorth;(21, 5);;(20, 15);1;106
0;0.0;MoveNorth;(21, 4);;(20, 15);1;107
0;0.0;MoveNorthWest;(21, 4);;(20, 15);1;108
0;0.0;MoveNorthWest;(21, 4);;(20, 15);1;109
0;0.0;MoveNorthWest;(21, 4);;(20, 15);1;110
0;0.0;MoveNorthWest;(21, 4);;(20, 15);1;111
0;0.0;MoveNorthWest;(21, 4);;(20, 15);1;112
0;0.0;MoveNorthWest;(21, 4);;(20, 15);1;113
0;0.0;MoveNorthWest;(21, 4);;(20, 15);1;114
0;0.0;MoveNorthWest;(21, 4);;(20, 15);1;115
0;0.0;MoveNorthWest;(20, 3);;(20, 15);1;116
0;0.0;MoveNorth;(20, 3);;(20, 15);1;117
0;0.0;MoveNorth;(20, 3);;(20, 15);1;118
0;0.0;MoveNorth;(20, 3);;(20, 15);1;119
0;0.0;MoveNorth;(20, 3);;(20, 15);1;120
0;0.0;MoveNorth;(20, 3);;(20, 15);1;121
0;0.0;MoveNorth;(20, 3);;(20, 15);1;122
0;0.0;MoveNorth;(20, 3);;(20, 15);1;123
0;0.0;MoveNorth;(20, 3);;(20, 15);1;124
0;0.0;MoveNorth;(20, 2);;(20, 15);1;125
0;0.0;MoveSouthEast;(20, 2);;(20, 15);1;126
0;0.0;MoveSouthEast;(20, 2);;(20, 15);1;127
0;0.0;MoveSouthEast;(20, 2);;(20, 15);1;128
0;0.0;MoveSouthEast;(20, 2);;(20, 15);1;129
0;0.0;MoveSouthEast;(20, 2);;(20, 15);1;130
0;0.0;MoveSouthEast;(20, 2);;(20, 15);1;131
0;0.0;MoveSouthEast;(20, 2);;(20, 15);1;132
0;0.0;MoveSouthEast;(20, 2);;(20, 15);1;133
0;0.0;MoveSouthEast;(21, 3);;(20, 15);1;134
0;0.0;MoveNorthEast;(21, 3);;(20, 15);1;135
0;0.0;MoveNorthEast;(21, 3);;(20, 15);1;136
0;0.0;MoveNorthEast;(21, 3);;(20, 15);1;137
0;0.0;MoveNorthEast;(21, 3);;(20, 15);1;138
0;0.0;MoveNorthEast;(21, 3);;(20, 15);1;139
0;0.0;MoveNorthEast;(21, 3);;(20, 15);1;140
0;0.0;MoveNorthEast;(21, 3);;(20, 15);1;141
0;0.0;MoveNorthEast;(21, 3);;(20, 15);1;142
0;0.0;MoveNorthEast;(22, 2);;(20, 15);1;143
0;0.0;Idle;(22, 2);;(20, 15);1;144
0;0.0;Idle;(22, 2);;(20, 15);1;145
0;0.0;Idle;(22, 2);;(20, 15);1;146
0;0.0;Idle;(22, 2);;(20, 15);1;147
0;0.0;Idle;(22, 2);;(20, 15);1;148
0;0.0;Idle;(22, 2);;(20, 15);1;149
0;0.0;Idle;(22, 2);;(20, 15);1;150
0;0.0;Idle;(22, 2);;(20, 15);1;151
0;0.0;Idle;(22, 2);;(20, 15);1;152
0;0.0;Idle;(22, 2);;(20, 15);1;153
0;0.0;Idle;(22, 2);;(20, 15);1;154
0;0.0;Idle;(22, 2);;(20, 15);1;155
0;0.0;Idle;(22, 2);;(20, 15);1;156
0;0.0;Idle;(22, 2);;(20, 15);1;157
0;0.0;Idle;(22, 2);;(20, 15);1;158
0;0.0;Idle;(22, 2);;(20, 15);1;159
0;0.0;Idle;(22, 2);;(20, 15);1;160
0;0.0;Idle;(22, 2);;(20, 15);1;161
0;0.0;Idle;(22, 2);;(20, 15);1;162
0;0.0;Idle;(22, 2);;(20, 15);1;163
0;0.0;Idle;(22, 2);;(20, 15);1;164
0;0.0;Idle;(22, 2);;(20, 15);1;165
0;0.0;Idle;(22, 2);;(20, 15);1;166
0;0.0;Idle;(22, 2);;(20, 15);1;167
0;0.0;Idle;(22, 2);;(20, 15);1;168
0;0.0;Idle;(22, 2);;(20, 15);1;169
0;0.0;MoveSouthWest;(22, 2);;(20, 15);1;170
0;0.0;MoveSouthWest;(22, 2);;(20, 15);1;171
0;0.0;MoveSouthWest;(22, 2);;(20, 15);1;172
0;0.0;MoveSouthWest;(22, 2);;(20, 15);1;173
0;0.0;MoveSouthWest;(22, 2);;(20, 15);1;174
0;0.0;MoveSouthWest;(22, 2);;(20, 15);1;175
0;0.0;MoveSouthWest;(22, 2);;(20, 15);1;176
0;0.0;MoveSouthWest;(22, 2);;(20, 15);1;177
0;0.0;MoveSouthWest;(21, 3);;(20, 15);1;178
0;0.0;MoveSouth;(21, 3);;(20, 15);1;179
0;0.0;MoveSouth;(21, 3);;(20, 15);1;180
0;0.0;MoveSouth;(21, 3);;(20, 15);1;181
0;0.0;MoveSouth;(21, 3);;(20, 15);1;182
0;0.0;MoveSouth;(21, 3);;(20, 15);1;183
0;0.0;MoveSouth;(21, 3);;(20, 15);1;184
0;0.0;MoveSouth;(21, 3);;(20, 15);1;185
0;0.0;MoveSouth;(21, 3);;(20, 15);1;186
0;0.0;MoveSouth;(21, 4);;(20, 15);1;187
0;0.0;MoveSouthWest;(21, 4);;(20, 15);1;188
0;0.0;MoveSouthWest;(21, 4);;(20, 15);1;189
0;0.0;MoveSouthWest;(21, 4);;(20, 15);1;190
0;0.0;MoveSouthWest;(21, 4);;(20, 15);1;191
0;0.0;MoveSouthWest;(21, 4);;(20, 15);1;192
0;0.0;MoveSouthWest;(21, 4);;(20, 15);1;193
0;0.0;MoveSouthWest;(21, 4);;(20, 15);1;194
0;0.0;MoveSouthWest;(21, 4);;(20, 15);1;195
0;0.0;MoveSouthWest;(20, 5);;(20, 15);1;196
0;0.0;MoveWest;(20, 5);;(20, 15);1;197
0;0.0;MoveWest;(20, 5);;(20, 15);1;198
0;0.0;MoveWest;(20, 5);;(20, 15);1;199
0;0.0;MoveWest;(20, 5);;(20, 15);1;200
0;0.0;MoveWest;(20, 5);;(20, 15);1;201
0;0.0;MoveWest;(20, 5);;(20, 15);1;202
0;0.0;MoveWest;(20, 5);;(20, 15);1;203
0;0.0;MoveWest;(20, 5);;(20, 15);1;204
0;0.0;MoveWest;(20, 5);;(20, 15);1;205
0;0.0;MoveWest;(20, 5);;(20, 15);1;206
0;0.0;MoveWest;(20, 5);;(20, 15);1;207
0;0.0;MoveWest;(20, 5);;(20, 15);1;208
0;0.0;MoveWest;(20, 5);;(20, 15);1;209
0;0.0;MoveWest;(19, 5);;(20, 15);1;210
0;0.0;MoveWest;(19, 5);;(20, 15);1;211
0;0.0;MoveWest;(19, 5);;(20, 15);1;212
0;0.0;MoveWest;(19, 5);;(20, 15);1;213
0;0.0;MoveWest;(19, 5);;(20, 15);1;214
0;0.0;MoveWest;(19, 5);;(20, 15);1;215
0;0.0;MoveWest;(19, 5);;(20, 15);1;216
0;0.0;MoveWest;(19, 5);;(20, 15);1;217
0;0.0;MoveWest;(19, 5);;(20, 15);1;218
0;0.0;MoveWest;(19, 5);;(20, 15);1;219
0;0.0;MoveWest;(19, 5);;(20, 15);1;220
0;0.0;MoveWest;(19, 5);;(20, 15);1;221
0;0.0;MoveWest;(19, 5);;(20, 15);1;222
0;0.0;MoveWest;(19, 5);;(20, 15);1;223
0;0.0;MoveWest;(18, 5);;(20, 15);1;224
0;0.0;MoveWest;(18, 5);;(20, 15);1;225
0;0.0;MoveWest;(18, 5);;(20, 15);1;226
0;0.0;MoveWest;(18, 5);;(20, 15);1;227
0;0.0;MoveWest;(18, 5);;(20, 15);1;228
0;0.0;MoveWest;(18, 5);;(20, 15);1;229
0;0.0;MoveWest;(18, 5);;(20, 15);1;230
0;0.0;MoveWest;(18, 5);;(20, 15);1;231
0;0.0;MoveWest;(18, 5);;(20, 15);1;232
0;0.0;MoveWest;(17, 5);;(20, 15);1;233
0;0.0;MoveWest;(17, 5);;(20, 15);1;234
0;0.0;MoveWest;(17, 5);;(20, 15);1;235
0;0.0;MoveWest;(17, 5);;(20, 15);1;236
0;0.0;MoveWest;(17, 5);;(20, 15);1;237
0;0.0;MoveWest;(17, 5);;(20, 15);1;238
0;0.0;MoveWest;(17, 5);;(20, 15);1;239
0;0.0;MoveWest;(17, 5);;(20, 15);1;240
0;0.0;MoveWest;(17, 5);;(20, 15);1;241
0;0.0;MoveWest;(16, 5);;(20, 15);1;242
0;0.0;MoveWest;(16, 5);;(20, 15);1;243
0;0.0;MoveWest;(16, 5);;(20, 15);1;244
0;0.0;MoveWest;(16, 5);;(20, 15);1;245
0;0.0;MoveWest;(16, 5);;(20, 15);1;246
0;0.0;MoveWest;(16, 5);;(20, 15);1;247
0;0.0;MoveWest;(16, 5);;(20, 15);1;248
0;0.0;MoveWest;(16, 5);;(20, 15);1;249
0;0.0;MoveWest;(16, 5);;(20, 15);1;250
0;0.0;MoveWest;(15, 5);;(20, 15);1;251
0;0.0;;(15, 5);;(20, 15);1;252
0;0.0;;(15, 5);;(20, 15);1;253
0;0.0;;(15, 5);;(20, 15);1;254
0;0.0;;(15, 5);;(20, 15);1;255
0;0.0;;(15, 5);;(20, 15);1;256
0;0.0;;(15, 5);;(20, 15);1;257
0;0.0;;(15, 5);;(20, 15);1;258
0;0.0;;(15, 5);;(20, 15);1;259
0;0.0;;(15, 5);;(20, 15);1;260
0;0.0;;(15, 5);;(20, 15);1;261
0;0.0;;(15, 5);;(20, 15);1;262
0;0.0;;(15, 5);;(20, 15);1;263
0;0.0;;(15, 5);;(20, 15);1;264
0;0.0;;(15, 5);;(20, 15);1;265
0;0.0;;(15, 5);;(20, 15);1;266
0;0.0;;(15, 5);;(20, 15);1;267
0;0.0;;(15, 5);;(20, 15);1;268
0;0.0;;(15, 5);;(20, 15);1;269
0;0.0;;(15, 5);;(20, 15);1;270
0;0.0;;(15, 5);;(20, 15);1;271
0;0.0;;(15, 5);;(20, 15);1;272
0;0.0;;(15, 5);;(20, 15);1;273
0;0.0;;(15, 5);;(20, 15);1;274
0;0.0;;(15, 5);;(20, 15);1;275
0;0.0;;(15, 5);;(20, 15);1;276
0;0.0;;(15, 5);;(20, 15);1;277
0;0.0;;(15, 5);;(20, 15);1;278
0;0.0;;(15, 5);;(20, 15);1;279
0;0.0;;(15, 5);;(20, 15);1;280
0;0.0;;(15, 5);;(20, 15);1;281
0;0.0;;(15, 5);;(20, 15);1;282
0;0.0;;(15, 5);;(20, 15);1;283
0;0.0;;(15, 5);;(20, 15);1;284
0;0.0;;(15, 5);;(20, 15);1;285
0;0.0;;(15, 5);;(20, 15);1;286
0;0.0;;(15, 5);;(20, 15);1;287
0;0.0;;(15, 5);;(20, 15);1;288
0;0.0;;(15, 5);;(20, 15);1;289
0;0.0;;(15, 5);;(20, 15);1;290
0;0.0;;(15, 5);;(20, 15);1;291
0;0.0;;(15, 5);;(20, 15);1;292
0;0.0;;(15, 5);;(20, 15);1;293
0;0.0;;(15, 5);;(20, 15);1;294
0;0.0;;(15, 5);;(20, 15);1;295
0;0.0;;(15, 5);;(20, 15);1;296
0;0.0;;(15, 5);;(20, 15);1;297
0;0.0;;(15, 5);;(20, 15);1;298
0;0.0;;(15, 5);;(20, 15);1;299
0;0.0;;(15, 5);;(20, 15);1;300
0;0.0;;(15, 5);;(20, 15);1;301
0;0.0;;(15, 5);;(20, 15);1;302
0;0.0;;(15, 5);;(20, 15);1;303
0;0.0;;(15, 5);;(20, 15);1;304
0;0.0;;(15, 5);;(20, 15);1;305
0;0.0;;(15, 5);;(20, 15);1;306
0;0.0;;(15, 5);;(20, 15);1;307
0;0.0;;(15, 5);;(20, 15);1;308
0;0.0;;(15, 5);;(20, 15);1;309
0;0.0;;(15, 5);;(20, 15);1;310
0;0.0;;(15, 5);;(20, 15);1;311
0;0.0;;(15, 5);;(20, 15);1;312
0;0.0;;(15, 5);;(20, 15);1;313
0;0.0;;(15, 5);;(20, 15);1;314
0;0.0;;(15, 5);;(20, 15);1;315
0;0.0;;(15, 5);;(20, 15);1;316
0;0.0;;(15, 5);;(20, 15);1;317
0;0.0;;(15, 5);;(20, 15);1;318
0;0.0;;(15, 5);;(20, 15);1;319
0;0.0;;(15, 5);;(20, 15);1;320
0;0.0;;(15, 5);;(20, 15);1;321
0;0.0;;(15, 5);;(20, 15);1;322
0;0.0;;(15, 5);;(20, 15);1;323
0;0.0;;(15, 5);;(20, 15);1;324
0;0.0;;(15, 5);;(20, 15);1;325
0;0.0;;(15, 5);;(20, 15);1;326
0;0.0;;(15, 5);;(20, 15);1;327
0;0.0;;(15, 5);;(20, 15);1;328
0;0.0;;(15, 5);;(20, 15);1;329
0;0.0;;(15, 5);;(20, 15);1;330
0;0.0;;(15, 5);;(20, 15);1;331
0;0.0;;(15, 5);;(20, 15);1;332
0;0.0;;(15, 5);;(20, 15);1;333
0;0.0;;(15, 5);;(20, 15);1;334
0;0.0;;(15, 5);;(20, 15);1;335
0;0.0;;(15, 5);;(20, 15);1;336
0;0.0;;(15, 5);;(20, 15);1;337
0;0.0;;(15, 5);;(20, 15);1;338
0;0.0;;(15, 5);;(20, 15);1;339
0;0.0;;(15, 5);;(20, 15);1;340
0;0.0;;(15, 5);;(20, 15);1;341
0;0.0;;(15, 5);;(20, 15);1;342
0;0.0;;(15, 5);;(20, 15);1;343
0;0.0;;(15, 5);;(20, 15);1;344
0;0.0;;(15, 5);;(20, 15);1;345
0;0.0;;(15, 5);;(20, 15);1;346
0;0.0;;(15, 5);;(20, 15);1;347
0;0.0;;(15, 5);;(20, 15);1;348
0;0.0;;(15, 5);;(20, 15);1;349
0;0.0;;(15, 5);;(20, 15);1;350
0;0.0;;(15, 5);;(20, 15);1;351
0;0.0;;(15, 5);;(20, 15);1;352
0;0.0;;(15, 5);;(20, 15);1;353
0;0.0;;(15, 5);;(20, 15);1;354
0;0.0;;(15, 5);;(20, 15);1;355
0;0.0;;(15, 5);;(20, 15);1;356
0;0.0;;(15, 5);;(20, 15);1;357
0;0.0;;(15, 5);;(20, 15);1;358
0;0.0;;(15, 5);;(20, 15);1;359
0;0.0;;(15, 5);;(20, 15);1;360
0;0.0;;(15, 5);;(20, 15);1;361
0;0.0;;(15, 5);;(20, 15);1;362
0;0.0;;(15, 5);;(20, 15);1;363
0;0.0;;(15, 5);;(20, 15);1;364
0;0.0;;(15, 5);;(20, 15);1;365
0;0.0;;(15, 5);;(20, 15);1;366
0;0.0;;(15, 5);;(20, 15);1;367
0;0.0;;(15, 5);;(20, 15);1;368
0;0.0;;(15, 5);;(20, 15);1;369
0;0.0;;(15, 5);;(20, 15);1;370
0;0.0;;(15, 5);;(20, 15);1;371
0;0.0;;(15, 5);;(20, 15);1;372
0;0.0;;(15, 5);;(20, 15);1;373
0;0.0;;(15, 5);;(20, 15);1;374
0;0.0;;(15, 5);;(20, 15);1;375
0;0.0;;(15, 5);;(20, 15);1;376
0;0.0;;(15, 5);;(20, 15);1;377
0;0.0;;(15, 5);;(20, 15);1;378
0;0.0;;(15, 5);;(20, 15);1;379
0;0.0;;(15, 5);;(20, 15);1;380
0;0.0;MoveSouth;(15, 5);;(20, 15);1;381
0;0.0;MoveSouth;(15, 5);;(20, 15);1;382
0;0.0;MoveSouth;(15, 5);;(20, 15);1;383
0;0.0;MoveSouth;(15, 5);;(20, 15);1;384
0;0.0;MoveSouth;(15, 5);;(20, 15);1;385
0;0.0;MoveSouth;(15, 5);;(20, 15);1;386
0;0.0;MoveSouth;(15, 5);;(20, 15);1;387
0;0.0;MoveSouth;(15, 5);;(20, 15);1;388
0;0.0;MoveSouth;(15, 6);;(20, 15);1;389
0;0.0;;(15, 6);;(20, 15);1;390
0;0.0;;(15, 6);;(20, 15);1;391
0;0.0;;(15, 6);;(20, 15);1;392
0;0.0;;(15, 6);;(20, 15);1;393
0;0.0;;(15, 6);;(20, 15);1;394
0;0.0;;(15, 6);;(20, 15);1;395
0;0.0;;(15, 6);;(20, 15);1;396
0;0.0;;(15, 6);;(20, 15);1;397
0;0.0;;(15, 6);;(20, 15);1;398
0;0.0;;(15, 6);;(20, 15);1;399
0;0.0;;(15, 6);;(20, 15);1;400
0;0.0;;(15, 6);;(20, 15);1;401
0;0.0;;(15, 6);;(20, 15);1;402
0;0.0;;(15, 6);;(20, 15);1;403
0;0.0;;(15, 6);;(20, 15);1;404
0;0.0;;(15, 6);;(20, 15);1;405
0;0.0;MoveWest;(15, 6);;(20, 15);1;406
0;0.0;MoveWest;(15, 6);;(20, 15);1;407
0;0.0;MoveWest;(15, 6);;(20, 15);1;408
0;0.0;MoveWest;(15, 6);;(20, 15);1;409
0;0.0;MoveWest;(15, 6);;(20, 15);1;410
0;0.0;MoveWest;(15, 6);;(20, 15);1;411
0;0.0;MoveWest;(15, 6);;(20, 15);1;412
0;0.0;MoveWest;(15, 6);;(20, 15);1;413
0;0.0;MoveWest;(14, 6);;(20, 15);1;414
0;0.0;MoveWest;(14, 6);;(20, 15);1;415
0;0.0;MoveWest;(14, 6);;(20, 15);1;416
0;0.0;MoveWest;(14, 6);;(20, 15);1;417
0;0.0;MoveWest;(14, 6);;(20, 15);1;418
0;0.0;MoveWest;(14, 6);MoveNorth;(20, 14);1;419
0;0.0;MoveWest;(14, 6);;(20, 14);1;420
0;0.0;MoveWest;(14, 6);MoveNorth;(20, 13);1;421
0;0.0;MoveWest;(14, 6);;(20, 13);1;422
0;0.0;MoveWest;(13, 6);MoveNorth;(20, 12);1;423
0;0.0;MoveWest;(13, 6);;(20, 12);1;424
0;0.0;MoveWest;(13, 6);MoveNorth;(20, 11);1;425
0;0.0;MoveWest;(13, 6);MoveNorth;(20, 10);1;426
0;0.0;MoveWest;(13, 6);;(20, 10);1;427
0;0.0;MoveWest;(13, 6);MoveNorth;(20, 9);1;428
0;0.0;MoveWest;(13, 6);MoveNorth;(20, 8);1;429
0;0.0;MoveWest;(13, 6);;(20, 8);1;430
0;0.0;MoveWest;(13, 6);;(20, 8);1;431
0;0.0;MoveWest;(12, 6);MoveWest;(19, 8);1;432
0;0.0;MoveWest;(12, 6);;(19, 8);1;433
0;0.0;MoveWest;(12, 6);;(19, 8);1;434
0;0.0;MoveWest;(12, 6);MoveWest;(19, 8);1;435
0;0.0;MoveWest;(12, 6);MoveWest;(19, 8);1;436
0;0.0;MoveWest;(12, 6);MoveWest;(19, 8);1;437
0;0.0;MoveWest;(12, 6);MoveWest;(19, 8);1;438
0;0.0;MoveWest;(12, 6);MoveWest;(19, 8);1;439
0;0.0;MoveWest;(12, 6);MoveWest;(18, 8);1;440
0;0.0;MoveWest;(12, 6);MoveNorth;(18, 7);1;441
0;0.0;MoveWest;(12, 6);MoveNorth;(18, 6);1;442
0;0.0;MoveWest;(12, 6);;(18, 6);1;443
0;0.0;MoveWest;(12, 6);;(18, 6);1;444
0;0.0;MoveWest;(12, 6);MoveWest;(17, 6);1;445
0;0.0;MoveWest;(11, 6);;(17, 6);1;446
0;0.0;MoveWest;(11, 6);MoveWest;(16, 6);1;447
0;0.0;MoveWest;(11, 6);;(16, 6);1;448
0;0.0;MoveWest;(11, 6);MoveWest;(15, 6);1;449
0;0.0;MoveWest;(11, 6);;(15, 6);1;450
0;0.0;MoveWest;(11, 6);;(15, 6);1;451
0;0.0;MoveWest;(11, 6);;(15, 6);1;452
0;0.0;MoveWest;(11, 6);;(15, 6);1;453
0;0.0;MoveWest;(11, 6);;(15, 6);1;454
0;0.0;MoveWest;(11, 6);;(15, 6);1;455
0;0.0;MoveWest;(11, 6);;(15, 6);1;456
0;0.0;MoveWest;(11, 6);MoveWest;(14, 6);1;457
0;0.0;MoveWest;(11, 6);;(14, 6);1;458
0;0.0;MoveWest;(11, 6);;(14, 6);1;459
0;0.0;MoveWest;(10, 6);;(14, 6);1;460
0;0.0;MoveWest;(10, 6);;(14, 6);1;461
0;0.0;MoveWest;(10, 6);;(14, 6);1;462
0;0.0;MoveWest;(10, 6);;(14, 6);1;463
0;0.0;MoveWest;(10, 6);;(14, 6);1;464
0;0.0;MoveWest;(10, 6);;(14, 6);1;465
0;0.0;MoveWest;(10, 6);MoveWest;(13, 6);1;466
0;0.0;MoveWest;(10, 6);;(13, 6);1;467
0;0.0;MoveWest;(10, 6);;(13, 6);1;468
0;0.0;MoveWest;(10, 6);;(13, 6);1;469
0;0.0;MoveWest;(10, 6);;(13, 6);1;470
0;0.0;MoveWest;(10, 6);;(13, 6);1;471
0;0.0;MoveWest;(10, 6);MoveNorth;(13, 5);1;472
0;0.0;MoveWest;(10, 6);;(13, 5);1;473
0;0.0;MoveWest;(9, 6);;(13, 5);1;474
0;0.0;;(9, 6);;(13, 5);1;475
0;0.0;;(9, 6);;(13, 5);1;476
0;0.0;;(9, 6);;(13, 5);1;477
0;0.0;;(9, 6);;(13, 5);1;478
0;0.0;;(9, 6);;(13, 5);1;479
0;0.0;;(9, 6);;(13, 5);1;480
0;0.0;;(9, 6);;(13, 5);1;481
0;0.0;;(9, 6);;(13, 5);1;482
0;0.0;;(9, 6);;(13, 5);1;483
0;0.0;;(9, 6);;(13, 5);1;484
0;0.0;;(9, 6);;(13, 5);1;485
0;0.0;;(9, 6);;(13, 5);1;486
0;0.0;;(9, 6);;(13, 5);1;487
0;0.0;;(9, 6);;(13, 5);1;488
0;0.0;;(9, 6);;(13, 5);1;489
0;0.0;;(9, 6);;(13, 5);1;490
0;0.0;;(9, 6);;(13, 5);1;491
0;0.0;;(9, 6);;(13, 5);1;492
0;0.0;;(9, 6);;(13, 5);1;493
0;0.0;;(9, 6);;(13, 5);1;494
0;0.0;;(9, 6);;(13, 5);1;495
0;0.0;;(9, 6);;(13, 5);1;496
0;0.0;;(9, 6);;(13, 5);1;497
0;0.0;;(9, 6);;(13, 5);1;498
0;0.0;;(9, 6);;(13, 5);1;499
0;0.0;;(9, 6);;(13, 5);1;500
0;0.0;;(9, 6);;(13, 5);1;501
0;0.0;;(9, 6);;(13, 5);1;502
0;0.0;;(9, 6);;(13, 5);1;503
0;0.0;;(9, 6);MoveWest;(12, 5);1;504
0;0.0;;(9, 6);;(12, 5);1;505
0;0.0;;(9, 6);MoveWest;(11, 5);1;506
0;0.0;;(9, 6);;(11, 5);1;507
0;0.0;;(9, 6);MoveWest;(10, 5);1;508
0;0.0;;(9, 6);;(10, 5);1;509
0;0.0;;(9, 6);MoveWest;(10, 5);1;510
0;0.0;;(9, 6);MoveWest;(10, 5);1;511
0;0.0;;(9, 6);MoveWest;(10, 5);1;512
0;0.0;;(9, 6);MoveWest;(10, 5);1;513
0;0.0;;(9, 6);MoveWest;(10, 5);1;514
0;0.0;;(9, 6);MoveWest;(9, 5);1;515
0;0.0;;(9, 6);MoveSouth;(9, 6);1;516
0;0.0;;(9, 6);;(9, 6);1;517
0;0.0;;(9, 6);;(9, 6);1;518
0;0.0;;(9, 6);;(9, 6);1;519
0;0.0;;(9, 6);;(9, 6);1;520
0;0.0;;(9, 6);;(9, 6);1;521
0;0.0;;(9, 6);;(9, 6);1;522
0;0.0;;(9, 6);;(9, 6);1;523
0;0.0;;(9, 6);;(9, 6);1;524
0;0.0;;(9, 6);;(9, 6);1;525
0;0.0;;(9, 6);;(9, 6);1;526
0;0.0;;(9, 6);;(9, 6);1;527
0;0.0;;(9, 6);;(9, 6);1;528
0;0.0;;(9, 6);;(9, 6);1;529
0;0.0;;(9, 6);;(9, 6);1;530
0;0.0;;(9, 6);;(9, 6);1;531
0;0.0;;(9, 6);;(9, 6);1;532
0;0.0;;(9, 6);;(9, 6);1;533
0;0.0;;(9, 6);;(9, 6);1;534
0;0.0;;(9, 6);RemoveObjectTogether;(9, 6);1;535
0;0.0;;(9, 6);RemoveObjectTogether;(9, 6);1;536
0;0.0;;(9, 6);RemoveObjectTogether;(9, 6);1;537
0;0.0;;(9, 6);RemoveObjectTogether;(9, 6);1;538
0;0.0;;(9, 6);RemoveObjectTogether;(9, 6);1;539
0;0.0;;(9, 6);RemoveObjectTogether;(9, 6);1;540
0;0.0;;(9, 6);RemoveObjectTogether;(9, 6);1;541
0;0.0;;(9, 6);RemoveObjectTogether;(9, 6);1;542
0;0.0;;(9, 6);RemoveObjectTogether;(9, 6);1;543
0;0.0;;(9, 6);RemoveObjectTogether;(9, 6);1;544
0;0.0;;(9, 6);RemoveObjectTogether;(9, 6);1;545
0;0.0;;(9, 6);RemoveObjectTogether;(9, 6);1;546
0;0.0;;(9, 6);RemoveObjectTogether;(9, 6);1;547
0;0.0;;(9, 6);RemoveObjectTogether;(9, 6);1;548
0;0.0;;(9, 6);RemoveObjectTogether;(9, 6);1;549
0;0.0;;(9, 6);RemoveObjectTogether;(9, 6);1;550
0;0.0;;(9, 6);RemoveObjectTogether;(9, 6);1;551
0;0.0;;(9, 6);RemoveObjectTogether;(9, 6);1;552
0;0.0;;(9, 6);RemoveObjectTogether;(9, 6);1;553
0;0.0;;(9, 6);RemoveObjectTogether;(9, 6);1;554
0;0.0;;(9, 6);RemoveObjectTogether;(9, 6);1;555
0;0.0;;(9, 6);RemoveObjectTogether;(9, 6);1;556
0;0.0;;(9, 6);RemoveObjectTogether;(9, 6);1;557
0;0.0;;(9, 6);RemoveObjectTogether;(9, 6);1;558
0;0.0;;(9, 6);RemoveObjectTogether;(9, 6);1;559
0;0.0;;(9, 6);RemoveObjectTogether;(9, 6);1;560
0;0.0;MoveSouth;(9, 6);;(9, 6);1;561
0;0.0;MoveSouth;(9, 6);;(9, 6);1;562
0;0.0;MoveSouth;(9, 6);;(9, 6);1;563
0;0.0;MoveSouth;(9, 6);;(9, 6);1;564
0;0.0;MoveSouth;(9, 6);;(9, 6);1;565
0;0.0;MoveSouth;(9, 6);;(9, 6);1;566
0;0.0;MoveSouth;(9, 6);;(9, 6);1;567
0;0.0;MoveSouth;(9, 6);;(9, 6);1;568
0;0.0;MoveSouth;(9, 7);;(9, 6);1;569
0;0.0;MoveSouthWest;(9, 7);;(9, 6);1;570
0;0.0;MoveSouthWest;(9, 7);;(9, 6);1;571
0;0.0;MoveSouthWest;(9, 7);;(9, 6);1;572
0;0.0;MoveSouthWest;(9, 7);;(9, 6);1;573
0;0.0;MoveSouthWest;(9, 7);;(9, 6);1;574
0;0.0;MoveSouthWest;(9, 7);;(9, 6);1;575
0;0.0;MoveSouthWest;(9, 7);;(9, 6);1;576
0;0.0;MoveSouthWest;(9, 7);;(9, 6);1;577
0;0.0;MoveSouthWest;(8, 8);;(9, 6);1;578
0;0.0;MoveSouthEast;(8, 8);;(9, 6);1;579
0;0.0;MoveSouthEast;(8, 8);;(9, 6);1;580
0;0.0;MoveSouthEast;(8, 8);;(9, 6);1;581
0;0.0;MoveSouthEast;(8, 8);;(9, 6);1;582
0;0.0;MoveSouthEast;(8, 8);;(9, 6);1;583
0;0.0;MoveSouthEast;(8, 8);;(9, 6);1;584
0;0.0;MoveSouthEast;(8, 8);;(9, 6);1;585
0;0.0;MoveSouthEast;(8, 8);;(9, 6);1;586
0;0.0;MoveSouthEast;(9, 9);;(9, 6);1;587
0;0.0;MoveNorthEast;(9, 9);;(9, 6);1;588
0;0.0;MoveNorthEast;(9, 9);;(9, 6);1;589
0;0.0;MoveNorthEast;(9, 9);;(9, 6);1;590
0;0.0;MoveNorthEast;(9, 9);;(9, 6);1;591
0;0.0;MoveNorthEast;(9, 9);;(9, 6);1;592
0;0.0;MoveNorthEast;(9, 9);;(9, 6);1;593
0;0.0;MoveNorthEast;(9, 9);;(9, 6);1;594
0;0.0;MoveNorthEast;(9, 9);;(9, 6);1;595
0;0.0;MoveNorthEast;(10, 8);;(9, 6);1;596
0;0.0;;(10, 8);;(9, 6);1;597
0;0.0;;(10, 8);;(9, 6);1;598
0;0.0;;(10, 8);;(9, 6);1;599
0;0.0;;(10, 8);;(9, 6);1;600
0;0.0;;(10, 8);;(9, 6);1;601
0;0.0;;(10, 8);;(9, 6);1;602
0;0.0;;(10, 8);;(9, 6);1;603
0;0.0;;(10, 8);;(9, 6);1;604
0;0.0;;(10, 8);;(9, 6);1;605
0;0.0;;(10, 8);;(9, 6);1;606
0;0.0;;(10, 8);;(9, 6);1;607
0;0.0;;(10, 8);;(9, 6);1;608
0;0.0;;(10, 8);;(9, 6);1;609
0;0.0;;(10, 8);;(9, 6);1;610
0;0.0;;(10, 8);;(9, 6);1;611
0;0.0;;(10, 8);;(9, 6);1;612
0;0.0;;(10, 8);;(9, 6);1;613
0;0.0;;(10, 8);;(9, 6);1;614
0;0.0;;(10, 8);;(9, 6);1;615
0;0.0;;(10, 8);;(9, 6);1;616
0;0.0;;(10, 8);;(9, 6);1;617
0;0.0;;(10, 8);;(9, 6);1;618
0;0.0;;(10, 8);;(9, 6);1;619
0;0.0;;(10, 8);;(9, 6);1;620
0;0.0;;(10, 8);;(9, 6);1;621
0;0.0;;(10, 8);;(9, 6);1;622
0;0.0;;(10, 8);;(9, 6);1;623
0;0.0;;(10, 8);;(9, 6);1;624
0;0.0;;(10, 8);;(9, 6);1;625
0;0.0;;(10, 8);;(9, 6);1;626
0;0.0;;(10, 8);;(9, 6);1;627
0;0.0;;(10, 8);;(9, 6);1;628
0;0.0;;(10, 8);;(9, 6);1;629
0;0.0;;(10, 8);;(9, 6);1;630
0;0.0;;(10, 8);;(9, 6);1;631
0;0.0;;(10, 8);;(9, 6);1;632
0;0.0;;(10, 8);;(9, 6);1;633
0;0.0;;(10, 8);;(9, 6);1;634
0;0.0;;(10, 8);;(9, 6);1;635
0;0.0;;(10, 8);;(9, 6);1;636
0;0.0;;(10, 8);;(9, 6);1;637
0;0.0;;(10, 8);;(9, 6);1;638
0;0.0;;(10, 8);;(9, 6);1;639
0;0.0;;(10, 8);;(9, 6);1;640
0;0.0;;(10, 8);;(9, 6);1;641
0;0.0;;(10, 8);;(9, 6);1;642
0;0.0;;(10, 8);;(9, 6);1;643
0;0.0;;(10, 8);;(9, 6);1;644
0;0.0;;(10, 8);;(9, 6);1;645
0;0.0;;(10, 8);;(9, 6);1;646
0;0.0;;(10, 8);;(9, 6);1;647
0;0.0;;(10, 8);;(9, 6);1;648
0;0.0;;(10, 8);;(9, 6);1;649
0;0.0;;(10, 8);;(9, 6);1;650
0;0.0;;(10, 8);;(9, 6);1;651
0;0.0;;(10, 8);;(9, 6);1;652
0;0.0;;(10, 8);;(9, 6);1;653
0;0.0;;(10, 8);;(9, 6);1;654
0;0.0;;(10, 8);;(9, 6);1;655
0;0.0;;(10, 8);;(9, 6);1;656
0;0.0;;(10, 8);;(9, 6);1;657
0;0.0;;(10, 8);;(9, 6);1;658
0;0.0;;(10, 8);;(9, 6);1;659
0;0.0;;(10, 8);;(9, 6);1;660
0;0.0;;(10, 8);;(9, 6);1;661
0;0.0;;(10, 8);;(9, 6);1;662
0;0.0;;(10, 8);;(9, 6);1;663
0;0.0;;(10, 8);;(9, 6);1;664
0;0.0;;(10, 8);;(9, 6);1;665
0;0.0;;(10, 8);;(9, 6);1;666
0;0.0;;(10, 8);;(9, 6);1;667
0;0.0;;(10, 8);;(9, 6);1;668
0;0.0;;(10, 8);;(9, 6);1;669
0;0.0;;(10, 8);;(9, 6);1;670
0;0.0;;(10, 8);;(9, 6);1;671
0;0.0;;(10, 8);;(9, 6);1;672
0;0.0;Idle;(10, 8);;(9, 6);1;673
0;0.0;Idle;(10, 8);;(9, 6);1;674
0;0.0;Idle;(10, 8);;(9, 6);1;675
0;0.0;Idle;(10, 8);;(9, 6);1;676
0;0.0;Idle;(10, 8);;(9, 6);1;677
0;0.0;Idle;(10, 8);;(9, 6);1;678
0;0.0;Idle;(10, 8);;(9, 6);1;679
0;0.0;Idle;(10, 8);;(9, 6);1;680
0;0.0;Idle;(10, 8);;(9, 6);1;681
0;0.0;Idle;(10, 8);;(9, 6);1;682
0;0.0;Idle;(10, 8);;(9, 6);1;683
0;0.0;Idle;(10, 8);;(9, 6);1;684
0;0.0;Idle;(10, 8);;(9, 6);1;685
0;0.0;Idle;(10, 8);;(9, 6);1;686
0;0.0;Idle;(10, 8);;(9, 6);1;687
0;0.0;Idle;(10, 8);;(9, 6);1;688
0;0.0;Idle;(10, 8);;(9, 6);1;689
0;0.0;Idle;(10, 8);;(9, 6);1;690
0;0.0;Idle;(10, 8);;(9, 6);1;691
0;0.0;Idle;(10, 8);;(9, 6);1;692
0;0.0;Idle;(10, 8);;(9, 6);1;693
0;0.0;Idle;(10, 8);;(9, 6);1;694
0;0.0;Idle;(10, 8);;(9, 6);1;695
0;0.0;Idle;(10, 8);;(9, 6);1;696
0;0.0;Idle;(10, 8);;(9, 6);1;697
0;0.0;Idle;(10, 8);;(9, 6);1;698
0;0.0;MoveNorthWest;(10, 8);;(9, 6);1;699
0;0.0;MoveNorthWest;(10, 8);;(9, 6);1;700
0;0.0;MoveNorthWest;(10, 8);;(9, 6);1;701
0;0.0;MoveNorthWest;(10, 8);;(9, 6);1;702
0;0.0;MoveNorthWest;(10, 8);;(9, 6);1;703
0;0.0;MoveNorthWest;(10, 8);;(9, 6);1;704
0;0.0;MoveNorthWest;(10, 8);;(9, 6);1;705
0;0.0;MoveNorthWest;(10, 8);MoveSouth;(9, 7);1;706
0;0.0;MoveNorthWest;(9, 7);;(9, 7);1;707
0;0.0;MoveNorth;(9, 7);;(9, 7);1;708
0;0.0;MoveNorth;(9, 7);;(9, 7);1;709
0;0.0;MoveNorth;(9, 7);;(9, 7);1;710
0;0.0;MoveNorth;(9, 7);;(9, 7);1;711
0;0.0;MoveNorth;(9, 7);;(9, 7);1;712
0;0.0;MoveNorth;(9, 7);;(9, 7);1;713
0;0.0;MoveNorth;(9, 7);;(9, 7);1;714
0;0.0;MoveNorth;(9, 7);;(9, 7);1;715
0;0.0;MoveNorth;(9, 6);;(9, 7);1;716
0;0.0;MoveNorth;(9, 6);;(9, 7);1;717
0;0.0;MoveNorth;(9, 6);;(9, 7);1;718
0;0.0;MoveNorth;(9, 6);;(9, 7);1;719
0;0.0;MoveNorth;(9, 6);MoveSouth;(9, 8);1;720
0;0.0;MoveNorth;(9, 6);;(9, 8);1;721
0;0.0;MoveNorth;(9, 6);;(9, 8);1;722
0;0.0;MoveNorth;(9, 6);;(9, 8);1;723
0;0.0;MoveNorth;(9, 6);;(9, 8);1;724
0;0.0;MoveNorth;(9, 5);;(9, 8);1;725
0;0.0;;(9, 5);;(9, 8);1;726
0;0.0;;(9, 5);;(9, 8);1;727
0;0.0;;(9, 5);;(9, 8);1;728
0;0.0;;(9, 5);;(9, 8);1;729
0;0.0;;(9, 5);;(9, 8);1;730
0;0.0;;(9, 5);;(9, 8);1;731
0;0.0;;(9, 5);;(9, 8);1;732
0;0.0;;(9, 5);;(9, 8);1;733
0;0.0;;(9, 5);;(9, 8);1;734
0;0.0;;(9, 5);;(9, 8);1;735
0;0.0;;(9, 5);;(9, 8);1;736
0;0.0;;(9, 5);;(9, 8);1;737
0;0.0;;(9, 5);;(9, 8);1;738
0;0.0;;(9, 5);;(9, 8);1;739
0;0.0;;(9, 5);;(9, 8);1;740
0;0.0;;(9, 5);;(9, 8);1;741
0;0.0;;(9, 5);;(9, 8);1;742
0;0.0;;(9, 5);;(9, 8);1;743
0;0.0;;(9, 5);;(9, 8);1;744
0;0.0;;(9, 5);;(9, 8);1;745
0;0.0;;(9, 5);;(9, 8);1;746
0;0.0;;(9, 5);;(9, 8);1;747
0;0.0;;(9, 5);;(9, 8);1;748
0;0.0;;(9, 5);;(9, 8);1;749
0;0.0;;(9, 5);;(9, 8);1;750
0;0.0;;(9, 5);;(9, 8);1;751
0;0.0;;(9, 5);;(9, 8);1;752
0;0.0;;(9, 5);;(9, 8);1;753
0;0.0;;(9, 5);;(9, 8);1;754
0;0.0;;(9, 5);;(9, 8);1;755
0;0.0;;(9, 5);;(9, 8);1;756
0;0.0;;(9, 5);;(9, 8);1;757
0;0.0;;(9, 5);;(9, 8);1;758
0;0.0;;(9, 5);;(9, 8);1;759
0;0.0;;(9, 5);;(9, 8);1;760
0;0.0;;(9, 5);;(9, 8);1;761
0;0.0;;(9, 5);;(9, 8);1;762
0;0.0;;(9, 5);;(9, 8);1;763
0;0.0;;(9, 5);;(9, 8);1;764
0;0.0;;(9, 5);;(9, 8);1;765
0;0.0;;(9, 5);;(9, 8);1;766
0;0.0;;(9, 5);;(9, 8);1;767
0;0.0;;(9, 5);;(9, 8);1;768
0;0.0;;(9, 5);;(9, 8);1;769
0;0.0;;(9, 5);;(9, 8);1;770
0;0.0;;(9, 5);;(9, 8);1;771
0;0.0;;(9, 5);;(9, 8);1;772
0;0.0;;(9, 5);;(9, 8);1;773
0;0.0;;(9, 5);;(9, 8);1;774
0;0.0;;(9, 5);;(9, 8);1;775
0;0.0;;(9, 5);;(9, 8);1;776
0;0.0;;(9, 5);;(9, 8);1;777
0;0.0;;(9, 5);;(9, 8);1;778
0;0.0;;(9, 5);;(9, 8);1;779
0;0.0;;(9, 5);;(9, 8);1;780
0;0.0;;(9, 5);;(9, 8);1;781
0;0.0;;(9, 5);;(9, 8);1;782
0;0.0;;(9, 5);;(9, 8);1;783
0;0.0;;(9, 5);;(9, 8);1;784
0;0.0;;(9, 5);;(9, 8);1;785
0;0.0;;(9, 5);;(9, 8);1;786
0;0.0;;(9, 5);;(9, 8);1;787
0;0.0;;(9, 5);;(9, 8);1;788
0;0.0;;(9, 5);;(9, 8);1;789
0;0.0;;(9, 5);;(9, 8);1;790
0;0.0;;(9, 5);;(9, 8);1;791
0;0.0;;(9, 5);;(9, 8);1;792
0;0.0;;(9, 5);;(9, 8);1;793
0;0.0;;(9, 5);;(9, 8);1;794
0;0.0;;(9, 5);;(9, 8);1;795
0;0.0;;(9, 5);;(9, 8);1;796
0;0.0;;(9, 5);;(9, 8);1;797
0;0.0;;(9, 5);;(9, 8);1;798
0;0.0;;(9, 5);;(9, 8);1;799
0;0.0;;(9, 5);;(9, 8);1;800
0;0.0;;(9, 5);;(9, 8);1;801
0;0.0;;(9, 5);;(9, 8);1;802
0;0.0;;(9, 5);;(9, 8);1;803
0;0.0;;(9, 5);;(9, 8);1;804
0;0.0;;(9, 5);;(9, 8);1;805
0;0.0;;(9, 5);;(9, 8);1;806
0;0.0;MoveWest;(9, 5);;(9, 8);1;807
0;0.0;MoveWest;(9, 5);;(9, 8);1;808
0;0.0;MoveWest;(9, 5);;(9, 8);1;809
0;0.0;MoveWest;(9, 5);;(9, 8);1;810
0;0.0;MoveWest;(9, 5);;(9, 8);1;811
0;0.0;MoveWest;(9, 5);;(9, 8);1;812
0;0.0;MoveWest;(9, 5);;(9, 8);1;813
0;0.0;MoveWest;(9, 5);;(9, 8);1;814
0;0.0;MoveWest;(8, 5);;(9, 8);1;815
0;0.0;MoveWest;(8, 5);;(9, 8);1;816
0;0.0;MoveWest;(8, 5);;(9, 8);1;817
0;0.0;MoveWest;(8, 5);;(9, 8);1;818
0;0.0;MoveWest;(8, 5);;(9, 8);1;819
0;0.0;MoveWest;(8, 5);;(9, 8);1;820
0;0.0;MoveWest;(8, 5);;(9, 8);1;821
0;0.0;MoveWest;(8, 5);;(9, 8);1;822
0;0.0;MoveWest;(8, 5);;(9, 8);1;823
0;0.0;MoveWest;(8, 5);;(9, 8);1;824
0;0.0;MoveWest;(8, 5);;(9, 8);1;825
0;0.0;MoveWest;(8, 5);;(9, 8);1;826
0;0.0;MoveWest;(8, 5);;(9, 8);1;827
0;0.0;MoveWest;(8, 5);;(9, 8);1;828
0;0.0;MoveWest;(7, 5);;(9, 8);1;829
0;0.0;MoveWest;(7, 5);;(9, 8);1;830
0;0.0;MoveWest;(7, 5);;(9, 8);1;831
0;0.0;MoveWest;(7, 5);;(9, 8);1;832
0;0.0;MoveWest;(7, 5);;(9, 8);1;833
0;0.0;MoveWest;(7, 5);;(9, 8);1;834
0;0.0;MoveWest;(7, 5);;(9, 8);1;835
0;0.0;MoveWest;(7, 5);;(9, 8);1;836
0;0.0;MoveWest;(7, 5);;(9, 8);1;837
0;0.0;MoveWest;(7, 5);;(9, 8);1;838
0;0.0;MoveWest;(7, 5);;(9, 8);1;839
0;0.0;MoveWest;(7, 5);;(9, 8);1;840
0;0.0;MoveWest;(7, 5);;(9, 8);1;841
0;0.0;MoveWest;(7, 5);;(9, 8);1;842
0;0.0;MoveWest;(6, 5);;(9, 8);1;843
0;0.0;MoveWest;(6, 5);;(9, 8);1;844
0;0.0;MoveWest;(6, 5);;(9, 8);1;845
0;0.0;MoveWest;(6, 5);;(9, 8);1;846
0;0.0;MoveWest;(6, 5);;(9, 8);1;847
0;0.0;MoveWest;(6, 5);;(9, 8);1;848
0;0.0;MoveWest;(6, 5);;(9, 8);1;849
0;0.0;MoveWest;(6, 5);;(9, 8);1;850
0;0.0;MoveWest;(6, 5);;(9, 8);1;851
0;0.0;MoveWest;(6, 5);;(9, 8);1;852
0;0.0;MoveWest;(6, 5);;(9, 8);1;853
0;0.0;MoveWest;(6, 5);;(9, 8);1;854
0;0.0;MoveWest;(6, 5);;(9, 8);1;855
0;0.0;MoveWest;(6, 5);;(9, 8);1;856
0;0.0;MoveWest;(5, 5);;(9, 8);1;857
0;0.0;MoveWest;(5, 5);;(9, 8);1;858
0;0.0;MoveWest;(5, 5);;(9, 8);1;859
0;0.0;MoveWest;(5, 5);;(9, 8);1;860
0;0.0;MoveWest;(5, 5);;(9, 8);1;861
0;0.0;MoveWest;(5, 5);;(9, 8);1;862
0;0.0;MoveWest;(5, 5);;(9, 8);1;863
0;0.0;MoveWest;(5, 5);;(9, 8);1;864
0;0.0;MoveWest;(5, 5);;(9, 8);1;865
0;0.0;MoveWest;(4, 5);;(9, 8);1;866
0;0.0;MoveWest;(4, 5);;(9, 8);1;867
0;0.0;MoveWest;(4, 5);;(9, 8);1;868
0;0.0;MoveWest;(4, 5);;(9, 8);1;869
0;0.0;MoveWest;(4, 5);;(9, 8);1;870
0;0.0;MoveWest;(4, 5);;(9, 8);1;871
0;0.0;MoveWest;(4, 5);;(9, 8);1;872
0;0.0;MoveWest;(4, 5);;(9, 8);1;873
0;0.0;MoveWest;(4, 5);;(9, 8);1;874
0;0.0;MoveWest;(3, 5);;(9, 8);1;875
0;0.0;;(3, 5);;(9, 8);1;876
0;0.0;;(3, 5);;(9, 8);1;877
0;0.0;;(3, 5);;(9, 8);1;878
0;0.0;;(3, 5);;(9, 8);1;879
0;0.0;;(3, 5);;(9, 8);1;880
0;0.0;;(3, 5);;(9, 8);1;881
0;0.0;;(3, 5);;(9, 8);1;882
0;0.0;;(3, 5);;(9, 8);1;883
0;0.0;;(3, 5);;(9, 8);1;884
0;0.0;;(3, 5);;(9, 8);1;885
0;0.0;;(3, 5);;(9, 8);1;886
0;0.0;;(3, 5);;(9, 8);1;887
0;0.0;;(3, 5);;(9, 8);1;888
0;0.0;;(3, 5);;(9, 8);1;889
0;0.0;;(3, 5);;(9, 8);1;890
0;0.0;;(3, 5);;(9, 8);1;891
0;0.0;;(3, 5);;(9, 8);1;892
0;0.0;;(3, 5);;(9, 8);1;893
0;0.0;;(3, 5);;(9, 8);1;894
0;0.0;;(3, 5);;(9, 8);1;895
0;0.0;;(3, 5);;(9, 8);1;896
0;0.0;;(3, 5);;(9, 8);1;897
0;0.0;;(3, 5);;(9, 8);1;898
0;0.0;;(3, 5);;(9, 8);1;899
0;0.0;;(3, 5);;(9, 8);1;900
0;0.0;;(3, 5);;(9, 8);1;901
0;0.0;;(3, 5);;(9, 8);1;902
0;0.0;;(3, 5);;(9, 8);1;903
0;0.0;;(3, 5);;(9, 8);1;904
0;0.0;;(3, 5);;(9, 8);1;905
0;0.0;;(3, 5);;(9, 8);1;906
0;0.0;;(3, 5);;(9, 8);1;907
0;0.0;;(3, 5);;(9, 8);1;908
0;0.0;;(3, 5);;(9, 8);1;909
0;0.0;;(3, 5);;(9, 8);1;910
0;0.0;MoveSouth;(3, 5);;(9, 8);1;911
0;0.0;MoveSouth;(3, 5);;(9, 8);1;912
0;0.0;MoveSouth;(3, 5);;(9, 8);1;913
0;0.0;MoveSouth;(3, 5);;(9, 8);1;914
0;0.0;MoveSouth;(3, 5);;(9, 8);1;915
0;0.0;MoveSouth;(3, 5);;(9, 8);1;916
0;0.0;MoveSouth;(3, 5);;(9, 8);1;917
0;0.0;MoveSouth;(3, 5);;(9, 8);1;918
0;0.0;MoveSouth;(3, 6);;(9, 8);1;919
0;0.0;MoveSouth;(3, 6);;(9, 8);1;920
0;0.0;MoveSouth;(3, 6);;(9, 8);1;921
0;0.0;MoveSouth;(3, 6);;(9, 8);1;922
0;0.0;MoveSouth;(3, 6);;(9, 8);1;923
0;0.0;MoveSouth;(3, 6);;(9, 8);1;924
0;0.0;MoveSouth;(3, 6);;(9, 8);1;925
0;0.0;MoveSouth;(3, 6);;(9, 8);1;926
0;0.0;MoveSouth;(3, 6);;(9, 8);1;927
0;0.0;MoveSouth;(3, 7);;(9, 8);1;928
0;0.0;MoveSouthWest;(3, 7);;(9, 8);1;929
0;0.0;MoveSouthWest;(3, 7);;(9, 8);1;930
0;0.0;MoveSouthWest;(3, 7);;(9, 8);1;931
0;0.0;MoveSouthWest;(3, 7);;(9, 8);1;932
0;0.0;MoveSouthWest;(3, 7);;(9, 8);1;933
0;0.0;MoveSouthWest;(3, 7);;(9, 8);1;934
0;0.0;MoveSouthWest;(3, 7);;(9, 8);1;935
0;0.0;MoveSouthWest;(3, 7);;(9, 8);1;936
0;0.0;MoveSouthWest;(2, 8);;(9, 8);1;937
0;0.0;MoveSouthEast;(2, 8);;(9, 8);1;938
0;0.0;MoveSouthEast;(2, 8);;(9, 8);1;939
0;0.0;MoveSouthEast;(2, 8);;(9, 8);1;940
0;0.0;MoveSouthEast;(2, 8);;(9, 8);1;941
0;0.0;MoveSouthEast;(2, 8);;(9, 8);1;942
0;0.0;MoveSouthEast;(2, 8);;(9, 8);1;943
0;0.0;MoveSouthEast;(2, 8);;(9, 8);1;944
0;0.0;MoveSouthEast;(2, 8);;(9, 8);1;945
0;0.0;MoveSouthEast;(3, 9);;(9, 8);1;946
0;0.0;MoveNorthEast;(3, 9);;(9, 8);1;947
0;0.0;MoveNorthEast;(3, 9);;(9, 8);1;948
0;0.0;MoveNorthEast;(3, 9);;(9, 8);1;949
0;0.0;MoveNorthEast;(3, 9);;(9, 8);1;950
0;0.0;MoveNorthEast;(3, 9);;(9, 8);1;951
0;0.0;MoveNorthEast;(3, 9);;(9, 8);1;952
0;0.0;MoveNorthEast;(3, 9);;(9, 8);1;953
0;0.0;MoveNorthEast;(3, 9);;(9, 8);1;954
0;0.0;MoveNorthEast;(4, 8);;(9, 8);1;955
0;0.0;Idle;(4, 8);;(9, 8);1;956
0;0.0;Idle;(4, 8);;(9, 8);1;957
0;0.0;Idle;(4, 8);;(9, 8);1;958
0;0.0;Idle;(4, 8);;(9, 8);1;959
0;0.0;Idle;(4, 8);;(9, 8);1;960
0;0.0;Idle;(4, 8);;(9, 8);1;961
0;0.0;Idle;(4, 8);;(9, 8);1;962
0;0.0;Idle;(4, 8);;(9, 8);1;963
0;0.0;Idle;(4, 8);;(9, 8);1;964
0;0.0;Idle;(4, 8);;(9, 8);1;965
0;0.0;Idle;(4, 8);;(9, 8);1;966
0;0.0;Idle;(4, 8);;(9, 8);1;967
0;0.0;Idle;(4, 8);;(9, 8);1;968
0;0.0;Idle;(4, 8);;(9, 8);1;969
0;0.0;Idle;(4, 8);;(9, 8);1;970
0;0.0;Idle;(4, 8);;(9, 8);1;971
0;0.0;Idle;(4, 8);;(9, 8);1;972
0;0.0;Idle;(4, 8);;(9, 8);1;973
0;0.0;Idle;(4, 8);;(9, 8);1;974
0;0.0;Idle;(4, 8);;(9, 8);1;975
0;0.0;Idle;(4, 8);;(9, 8);1;976
0;0.0;Idle;(4, 8);;(9, 8);1;977
0;0.0;Idle;(4, 8);;(9, 8);1;978
0;0.0;Idle;(4, 8);;(9, 8);1;979
0;0.0;Idle;(4, 8);;(9, 8);1;980
0;0.0;Idle;(4, 8);;(9, 8);1;981
0;0.0;Idle;(4, 8);;(9, 8);1;982
0;0.0;Idle;(4, 8);;(9, 8);1;983
0;0.0;Idle;(4, 8);;(9, 8);1;984
0;0.0;Idle;(4, 8);;(9, 8);1;985
0;0.0;Idle;(4, 8);;(9, 8);1;986
0;0.0;Idle;(4, 8);;(9, 8);1;987
0;0.0;Idle;(4, 8);;(9, 8);1;988
0;0.0;Idle;(4, 8);;(9, 8);1;989
0;0.0;Idle;(4, 8);;(9, 8);1;990
0;0.0;Idle;(4, 8);;(9, 8);1;991
0;0.0;Idle;(4, 8);;(9, 8);1;992
0;0.0;Idle;(4, 8);;(9, 8);1;993
0;0.0;Idle;(4, 8);;(9, 8);1;994
0;0.0;Idle;(4, 8);;(9, 8);1;995
0;0.0;Idle;(4, 8);;(9, 8);1;996
0;0.0;Idle;(4, 8);;(9, 8);1;997
0;0.0;Idle;(4, 8);;(9, 8);1;998
0;0.0;Idle;(4, 8);;(9, 8);1;999
0;0.0;Idle;(4, 8);;(9, 8);1;1000
0;0.0;Idle;(4, 8);;(9, 8);1;1001
0;0.0;Idle;(4, 8);;(9, 8);1;1002
0;0.0;Idle;(4, 8);;(9, 8);1;1003
0;0.0;Idle;(4, 8);;(9, 8);1;1004
0;0.0;Idle;(4, 8);;(9, 8);1;1005
0;0.0;Idle;(4, 8);;(9, 8);1;1006
0;0.0;Idle;(4, 8);;(9, 8);1;1007
0;0.0;MoveNorthWest;(4, 8);;(9, 8);1;1008
0;0.0;MoveNorthWest;(4, 8);;(9, 8);1;1009
0;0.0;MoveNorthWest;(4, 8);;(9, 8);1;1010
0;0.0;MoveNorthWest;(4, 8);;(9, 8);1;1011
0;0.0;MoveNorthWest;(4, 8);;(9, 8);1;1012
0;0.0;MoveNorthWest;(4, 8);;(9, 8);1;1013
0;0.0;MoveNorthWest;(4, 8);;(9, 8);1;1014
0;0.0;MoveNorthWest;(4, 8);;(9, 8);1;1015
0;0.0;MoveNorthWest;(3, 7);;(9, 8);1;1016
0;0.0;MoveNorthEast;(3, 7);;(9, 8);1;1017
0;0.0;MoveNorthEast;(3, 7);;(9, 8);1;1018
0;0.0;MoveNorthEast;(3, 7);;(9, 8);1;1019
0;0.0;MoveNorthEast;(3, 7);;(9, 8);1;1020
0;0.0;MoveNorthEast;(3, 7);;(9, 8);1;1021
0;0.0;MoveNorthEast;(3, 7);;(9, 8);1;1022
0;0.0;MoveNorthEast;(3, 7);;(9, 8);1;1023
0;0.0;MoveNorthEast;(3, 7);;(9, 8);1;1024
0;0.0;MoveNorthEast;(4, 6);;(9, 8);1;1025
0;0.0;MoveEast;(4, 6);;(9, 8);1;1026
0;0.0;MoveEast;(4, 6);;(9, 8);1;1027
0;0.0;MoveEast;(4, 6);MoveNorth;(9, 7);1;1028
0;0.0;MoveEast;(4, 6);;(9, 7);1;1029
0;0.0;MoveEast;(4, 6);;(9, 7);1;1030
0;0.0;MoveEast;(4, 6);;(9, 7);1;1031
0;0.0;MoveEast;(4, 6);;(9, 7);1;1032
0;0.0;MoveEast;(4, 6);;(9, 7);1;1033
0;0.0;MoveEast;(5, 6);;(9, 7);1;1034
0;0.0;MoveEast;(5, 6);;(9, 7);1;1035
0;0.0;MoveEast;(5, 6);;(9, 7);1;1036
0;0.0;MoveEast;(5, 6);;(9, 7);1;1037
0;0.0;MoveEast;(5, 6);MoveNorth;(9, 6);1;1038
0;0.0;MoveEast;(5, 6);;(9, 6);1;1039
0;0.0;MoveEast;(5, 6);;(9, 6);1;1040
0;0.0;MoveEast;(5, 6);;(9, 6);1;1041
0;0.0;MoveEast;(5, 6);;(9, 6);1;1042
0;0.0;MoveEast;(6, 6);;(9, 6);1;1043
0;0.0;MoveEast;(6, 6);;(9, 6);1;1044
0;0.0;MoveEast;(6, 6);;(9, 6);1;1045
0;0.0;MoveEast;(6, 6);MoveSouth;(9, 7);1;1046
0;0.0;MoveEast;(6, 6);;(9, 7);1;1047
0;0.0;MoveEast;(6, 6);;(9, 7);1;1048
0;0.0;MoveEast;(6, 6);;(9, 7);1;1049
0;0.0;MoveEast;(6, 6);MoveSouth;(9, 8);1;1050
0;0.0;MoveEast;(6, 6);;(9, 8);1;1051
0;0.0;MoveEast;(7, 6);;(9, 8);1;1052
0;0.0;MoveEast;(7, 6);;(9, 8);1;1053
0;0.0;MoveEast;(7, 6);;(9, 8);1;1054
0;0.0;MoveEast;(7, 6);;(9, 8);1;1055
0;0.0;MoveEast;(7, 6);;(9, 8);1;1056
0;0.0;MoveEast;(7, 6);;(9, 8);1;1057
0;0.0;MoveEast;(7, 6);;(9, 8);1;1058
0;0.0;MoveEast;(7, 6);;(9, 8);1;1059
0;0.0;MoveEast;(7, 6);;(9, 8);1;1060
0;0.0;MoveEast;(8, 6);;(9, 8);1;1061
0;0.0;MoveSouthEast;(8, 6);;(9, 8);1;1062
0;0.0;MoveSouthEast;(8, 6);;(9, 8);1;1063
0;0.0;MoveSouthEast;(8, 6);;(9, 8);1;1064
0;0.0;MoveSouthEast;(8, 6);;(9, 8);1;1065
0;0.0;MoveSouthEast;(8, 6);;(9, 8);1;1066
0;0.0;MoveSouthEast;(8, 6);;(9, 8);1;1067
0;0.0;MoveSouthEast;(8, 6);;(9, 8);1;1068
0;0.0;MoveSouthEast;(8, 6);;(9, 8);1;1069
0;0.0;MoveSouthEast;(9, 7);;(9, 8);1;1070
0;0.0;MoveSouthWest;(9, 7);;(9, 8);1;1071
0;0.0;MoveSouthWest;(9, 7);;(9, 8);1;1072
0;0.0;MoveSouthWest;(9, 7);;(9, 8);1;1073
0;0.0;MoveSouthWest;(9, 7);;(9, 8);1;1074
0;0.0;MoveSouthWest;(9, 7);;(9, 8);1;1075
0;0.0;MoveSouthWest;(9, 7);;(9, 8);1;1076
0;0.0;MoveSouthWest;(9, 7);;(9, 8);1;1077
0;0.0;MoveSouthWest;(9, 7);;(9, 8);1;1078
0;0.0;MoveSouthWest;(8, 8);;(9, 8);1;1079
0;0.0;MoveSouth;(8, 8);;(9, 8);1;1080
0;0.0;MoveSouth;(8, 8);;(9, 8);1;1081
0;0.0;MoveSouth;(8, 8);;(9, 8);1;1082
0;0.0;MoveSouth;(8, 8);;(9, 8);1;1083
0;0.0;MoveSouth;(8, 8);;(9, 8);1;1084
0;0.0;MoveSouth;(8, 8);;(9, 8);1;1085
0;0.0;MoveSouth;(8, 8);;(9, 8);1;1086
0;0.0;MoveSouth;(8, 8);;(9, 8);1;1087
0;0.0;MoveSouth;(8, 9);;(9, 8);1;1088
0;0.0;MoveNorthEast;(8, 9);;(9, 8);1;1089
0;0.0;MoveNorthEast;(8, 9);;(9, 8);1;1090
0;0.0;MoveNorthEast;(8, 9);;(9, 8);1;1091
0;0.0;MoveNorthEast;(8, 9);;(9, 8);1;1092
0;0.0;MoveNorthEast;(8, 9);;(9, 8);1;1093
0;0.0;MoveNorthEast;(8, 9);;(9, 8);1;1094
0;0.0;MoveNorthEast;(8, 9);;(9, 8);1;1095
0;0.0;MoveNorthEast;(8, 9);;(9, 8);1;1096
0;0.0;MoveNorthEast;(9, 8);;(9, 8);1;1097
0;0.0;MoveNorth;(9, 8);;(9, 8);1;1098
0;0.0;MoveNorth;(9, 8);;(9, 8);1;1099
0;0.0;MoveNorth;(9, 8);;(9, 8);1;1100
0;0.0;MoveNorth;(9, 8);;(9, 8);1;1101
0;0.0;MoveNorth;(9, 8);;(9, 8);1;1102
0;0.0;MoveNorth;(9, 8);;(9, 8);1;1103
0;0.0;MoveNorth;(9, 8);;(9, 8);1;1104
0;0.0;MoveNorth;(9, 8);;(9, 8);1;1105
0;0.0;MoveNorth;(9, 7);;(9, 8);1;1106
0;0.0;MoveNorthEast;(9, 7);;(9, 8);1;1107
0;0.0;MoveNorthEast;(9, 7);;(9, 8);1;1108
0;0.0;MoveNorthEast;(9, 7);;(9, 8);1;1109
0;0.0;MoveNorthEast;(9, 7);;(9, 8);1;1110
0;0.0;MoveNorthEast;(9, 7);;(9, 8);1;1111
0;0.0;MoveNorthEast;(9, 7);;(9, 8);1;1112
0;0.0;MoveNorthEast;(9, 7);;(9, 8);1;1113
0;0.0;MoveNorthEast;(9, 7);;(9, 8);1;1114
0;0.0;MoveNorthEast;(10, 6);;(9, 8);1;1115
0;0.0;MoveEast;(10, 6);MoveSouth;(9, 9);1;1116
0;0.0;MoveEast;(10, 6);;(9, 9);1;1117
0;0.0;MoveEast;(10, 6);;(9, 9);1;1118
0;0.0;MoveEast;(10, 6);;(9, 9);1;1119
0;0.0;MoveEast;(10, 6);;(9, 9);1;1120
0;0.0;MoveEast;(10, 6);;(9, 9);1;1121
0;0.0;MoveEast;(10, 6);MoveWest;(8, 9);1;1122
0;0.0;MoveEast;(10, 6);;(8, 9);1;1123
0;0.0;MoveEast;(10, 6);;(8, 9);1;1124
0;0.0;MoveEast;(10, 6);;(8, 9);1;1125
0;0.0;MoveEast;(10, 6);;(8, 9);1;1126
0;0.0;MoveEast;(10, 6);;(8, 9);1;1127
0;0.0;MoveEast;(10, 6);;(8, 9);1;1128
0;0.0;MoveEast;(11, 6);;(8, 9);1;1129
0;0.0;MoveEast;(11, 6);;(8, 9);1;1130
0;0.0;MoveEast;(11, 6);;(8, 9);1;1131
0;0.0;MoveEast;(11, 6);;(8, 9);1;1132
0;0.0;MoveEast;(11, 6);;(8, 9);1;1133
0;0.0;MoveEast;(11, 6);;(8, 9);1;1134
0;0.0;MoveEast;(11, 6);;(8, 9);1;1135
0;0.0;MoveEast;(11, 6);;(8, 9);1;1136
0;0.0;MoveEast;(11, 6);;(8, 9);1;1137
0;0.0;MoveEast;(11, 6);;(8, 9);1;1138
0;0.0;MoveEast;(11, 6);;(8, 9);1;1139
0;0.0;MoveEast;(11, 6);;(8, 9);1;1140
0;0.0;MoveEast;(11, 6);;(8, 9);1;1141
0;0.0;MoveEast;(11, 6);;(8, 9);1;1142
0;0.0;MoveEast;(12, 6);;(8, 9);1;1143
0;0.0;MoveEast;(12, 6);;(8, 9);1;1144
0;0.0;MoveEast;(12, 6);;(8, 9);1;1145
0;0.0;MoveEast;(12, 6);;(8, 9);1;1146
0;0.0;MoveEast;(12, 6);;(8, 9);1;1147
0;0.0;MoveEast;(12, 6);;(8, 9);1;1148
0;0.0;MoveEast;(12, 6);;(8, 9);1;1149
0;0.0;MoveEast;(12, 6);;(8, 9);1;1150
0;0.0;MoveEast;(12, 6);;(8, 9);1;1151
0;0.0;MoveEast;(12, 6);;(8, 9);1;1152
0;0.0;MoveEast;(12, 6);;(8, 9);1;1153
0;0.0;MoveEast;(12, 6);;(8, 9);1;1154
0;0.0;MoveEast;(12, 6);;(8, 9);1;1155
0;0.0;MoveEast;(12, 6);;(8, 9);1;1156
