done;agent_0_in_team_0_action;agent_0_in_team_0_location;human_0_in_team_0_action;human_0_in_team_0_location;world_nr;tick_nr
False;;(9, 23);;(10, 23);1;0
False;MoveWest;(9, 23);;(10, 23);1;1
False;MoveWest;(9, 23);;(10, 23);1;2
False;MoveWest;(9, 23);;(10, 23);1;3
False;MoveWest;(8, 23);;(10, 23);1;4
False;MoveWest;(8, 23);;(10, 23);1;5
False;MoveWest;(8, 23);;(10, 23);1;6
False;MoveWest;(8, 23);;(10, 23);1;7
False;MoveWest;(7, 23);;(10, 23);1;8
False;MoveWest;(7, 23);;(10, 23);1;9
False;MoveWest;(7, 23);;(10, 23);1;10
False;MoveWest;(7, 23);;(10, 23);1;11
False;MoveWest;(6, 23);;(10, 23);1;12
False;MoveWest;(6, 23);;(10, 23);1;13
False;MoveWest;(6, 23);;(10, 23);1;14
False;MoveWest;(6, 23);;(10, 23);1;15
False;MoveWest;(5, 23);;(10, 23);1;16
False;MoveWest;(5, 23);;(10, 23);1;17
False;MoveWest;(5, 23);;(10, 23);1;18
False;MoveWest;(5, 23);;(10, 23);1;19
False;MoveWest;(4, 23);;(10, 23);1;20
False;MoveWest;(4, 23);;(10, 23);1;21
False;MoveWest;(4, 23);;(10, 23);1;22
False;MoveWest;(4, 23);;(10, 23);1;23
False;MoveWest;(3, 23);;(10, 23);1;24
False;MoveWest;(3, 23);;(10, 23);1;25
False;MoveWest;(3, 23);;(10, 23);1;26
False;MoveWest;(3, 23);;(10, 23);1;27
False;MoveWest;(2, 23);;(10, 23);1;28
False;MoveWest;(2, 23);;(10, 23);1;29
False;MoveWest;(2, 23);;(10, 23);1;30
False;MoveWest;(2, 23);;(10, 23);1;31
False;MoveWest;(1, 23);;(10, 23);1;32
False;MoveEast;(1, 23);;(10, 23);1;33
False;MoveEast;(1, 23);;(10, 23);1;34
False;MoveEast;(1, 23);;(10, 23);1;35
False;MoveEast;(2, 23);;(10, 23);1;36
False;MoveEast;(2, 23);;(10, 23);1;37
False;MoveEast;(2, 23);;(10, 23);1;38
False;MoveEast;(2, 23);;(10, 23);1;39
False;MoveEast;(3, 23);;(10, 23);1;40
False;MoveEast;(3, 23);;(10, 23);1;41
False;MoveEast;(3, 23);;(10, 23);1;42
False;MoveEast;(3, 23);;(10, 23);1;43
False;MoveEast;(4, 23);;(10, 23);1;44
False;MoveEast;(4, 23);;(10, 23);1;45
False;MoveEast;(4, 23);;(10, 23);1;46
False;MoveEast;(4, 23);;(10, 23);1;47
False;MoveEast;(5, 23);;(10, 23);1;48
False;MoveEast;(5, 23);;(10, 23);1;49
False;MoveEast;(5, 23);;(10, 23);1;50
False;MoveEast;(5, 23);;(10, 23);1;51
False;MoveEast;(6, 23);;(10, 23);1;52
False;MoveEast;(6, 23);;(10, 23);1;53
False;MoveEast;(6, 23);;(10, 23);1;54
False;MoveEast;(6, 23);;(10, 23);1;55
False;MoveEast;(7, 23);;(10, 23);1;56
False;MoveEast;(7, 23);;(10, 23);1;57
False;MoveEast;(7, 23);;(10, 23);1;58
False;MoveEast;(7, 23);;(10, 23);1;59
False;MoveEast;(8, 23);;(10, 23);1;60
False;MoveNorthEast;(8, 23);;(10, 23);1;61
False;MoveNorthEast;(8, 23);;(10, 23);1;62
False;MoveNorthEast;(8, 23);;(10, 23);1;63
False;MoveNorthEast;(9, 22);;(10, 23);1;64
False;MoveNorthEast;(9, 22);;(10, 23);1;65
False;MoveNorthEast;(9, 22);;(10, 23);1;66
False;MoveNorthEast;(9, 22);;(10, 23);1;67
False;MoveNorthEast;(10, 21);;(10, 23);1;68
False;MoveEast;(10, 21);;(10, 23);1;69
False;MoveEast;(10, 21);;(10, 23);1;70
False;MoveEast;(10, 21);;(10, 23);1;71
False;MoveEast;(11, 21);;(10, 23);1;72
False;MoveEast;(11, 21);;(10, 23);1;73
False;MoveEast;(11, 21);;(10, 23);1;74
False;MoveEast;(11, 21);;(10, 23);1;75
False;MoveEast;(12, 21);;(10, 23);1;76
False;MoveNorthEast;(12, 21);;(10, 23);1;77
False;MoveNorthEast;(12, 21);;(10, 23);1;78
False;MoveNorthEast;(12, 21);;(10, 23);1;79
False;MoveNorthEast;(13, 20);;(10, 23);1;80
False;MoveNorth;(13, 20);;(10, 23);1;81
False;MoveNorth;(13, 20);;(10, 23);1;82
False;MoveNorth;(13, 20);;(10, 23);1;83
False;MoveNorth;(13, 19);;(10, 23);1;84
False;MoveNorth;(13, 19);;(10, 23);1;85
False;MoveNorth;(13, 19);;(10, 23);1;86
False;MoveNorth;(13, 19);;(10, 23);1;87
False;MoveNorth;(13, 18);;(10, 23);1;88
False;MoveNorth;(13, 18);;(10, 23);1;89
False;MoveNorth;(13, 18);;(10, 23);1;90
False;MoveNorth;(13, 18);;(10, 23);1;91
False;MoveNorth;(13, 17);;(10, 23);1;92
False;MoveNorth;(13, 17);;(10, 23);1;93
False;MoveNorth;(13, 17);;(10, 23);1;94
False;MoveNorth;(13, 17);;(10, 23);1;95
False;MoveNorth;(13, 16);;(10, 23);1;96
False;MoveNorth;(13, 16);;(10, 23);1;97
False;MoveNorth;(13, 16);;(10, 23);1;98
False;MoveNorth;(13, 16);;(10, 23);1;99
False;MoveNorth;(13, 15);;(10, 23);1;100
False;MoveNorth;(13, 15);;(10, 23);1;101
False;MoveNorth;(13, 15);;(10, 23);1;102
False;MoveNorth;(13, 15);;(10, 23);1;103
False;MoveNorth;(13, 14);;(10, 23);1;104
False;MoveNorthWest;(13, 14);;(10, 23);1;105
False;MoveNorthWest;(13, 14);;(10, 23);1;106
False;MoveNorthWest;(13, 14);;(10, 23);1;107
False;MoveNorthWest;(12, 13);;(10, 23);1;108
False;MoveWest;(12, 13);;(10, 23);1;109
False;MoveWest;(12, 13);;(10, 23);1;110
False;MoveWest;(12, 13);;(10, 23);1;111
False;MoveWest;(11, 13);;(10, 23);1;112
False;MoveWest;(11, 13);;(10, 23);1;113
False;MoveWest;(11, 13);;(10, 23);1;114
False;MoveWest;(11, 13);;(10, 23);1;115
False;MoveWest;(10, 13);;(10, 23);1;116
False;MoveSouthWest;(10, 13);;(10, 23);1;117
False;MoveSouthWest;(10, 13);;(10, 23);1;118
False;MoveSouthWest;(10, 13);;(10, 23);1;119
False;MoveSouthWest;(9, 14);;(10, 23);1;120
False;MoveSouth;(9, 14);;(10, 23);1;121
False;MoveSouth;(9, 14);;(10, 23);1;122
False;MoveSouth;(9, 14);;(10, 23);1;123
False;MoveSouth;(9, 15);;(10, 23);1;124
False;MoveSouth;(9, 15);;(10, 23);1;125
False;MoveSouth;(9, 15);;(10, 23);1;126
False;MoveSouth;(9, 15);;(10, 23);1;127
False;MoveSouth;(9, 16);;(10, 23);1;128
False;MoveSouth;(9, 16);;(10, 23);1;129
False;MoveSouth;(9, 16);;(10, 23);1;130
False;MoveSouth;(9, 16);;(10, 23);1;131
False;MoveSouth;(9, 17);;(10, 23);1;132
False;MoveSouthWest;(9, 17);;(10, 23);1;133
False;MoveSouthWest;(9, 17);;(10, 23);1;134
False;MoveSouthWest;(9, 17);;(10, 23);1;135
False;MoveSouthWest;(8, 18);;(10, 23);1;136
False;MoveSouth;(8, 18);;(10, 23);1;137
False;MoveSouth;(8, 18);;(10, 23);1;138
False;MoveSouth;(8, 18);;(10, 23);1;139
False;MoveSouth;(8, 19);;(10, 23);1;140
False;;(8, 19);;(10, 23);1;141
False;;(8, 19);;(10, 23);1;142
False;;(8, 19);;(10, 23);1;143
False;;(8, 19);;(10, 23);1;144
False;;(8, 19);;(10, 23);1;145
False;;(8, 19);;(10, 23);1;146
False;;(8, 19);;(10, 23);1;147
False;;(8, 19);;(10, 23);1;148
False;;(8, 19);;(10, 23);1;149
False;;(8, 19);;(10, 23);1;150
False;;(8, 19);;(10, 23);1;151
False;;(8, 19);;(10, 23);1;152
False;;(8, 19);;(10, 23);1;153
False;;(8, 19);;(10, 23);1;154
False;;(8, 19);;(10, 23);1;155
False;;(8, 19);;(10, 23);1;156
False;;(8, 19);;(10, 23);1;157
False;;(8, 19);;(10, 23);1;158
False;;(8, 19);;(10, 23);1;159
False;;(8, 19);;(10, 23);1;160
False;;(8, 19);;(10, 23);1;161
False;;(8, 19);;(10, 23);1;162
False;;(8, 19);;(10, 23);1;163
False;;(8, 19);;(10, 23);1;164
False;;(8, 19);;(10, 23);1;165
False;;(8, 19);;(10, 23);1;166
False;;(8, 19);;(10, 23);1;167
False;;(8, 19);;(10, 23);1;168
False;;(8, 19);;(10, 23);1;169
False;;(8, 19);;(10, 23);1;170
False;;(8, 19);;(10, 23);1;171
False;;(8, 19);;(10, 23);1;172
False;;(8, 19);;(10, 23);1;173
False;;(8, 19);;(10, 23);1;174
False;;(8, 19);;(10, 23);1;175
False;;(8, 19);;(10, 23);1;176
False;;(8, 19);;(10, 23);1;177
False;;(8, 19);;(10, 23);1;178
False;;(8, 19);;(10, 23);1;179
False;;(8, 19);;(10, 23);1;180
False;;(8, 19);;(10, 23);1;181
False;;(8, 19);;(10, 23);1;182
False;;(8, 19);;(10, 23);1;183
False;;(8, 19);;(10, 23);1;184
False;;(8, 19);;(10, 23);1;185
False;;(8, 19);;(10, 23);1;186
False;;(8, 19);;(10, 23);1;187
False;;(8, 19);;(10, 23);1;188
False;;(8, 19);;(10, 23);1;189
False;;(8, 19);;(10, 23);1;190
False;;(8, 19);;(10, 23);1;191
False;;(8, 19);;(10, 23);1;192
False;;(8, 19);;(10, 23);1;193
False;;(8, 19);;(10, 23);1;194
False;;(8, 19);;(10, 23);1;195
False;;(8, 19);;(10, 23);1;196
False;;(8, 19);;(10, 23);1;197
False;;(8, 19);;(10, 23);1;198
False;;(8, 19);;(10, 23);1;199
False;;(8, 19);;(10, 23);1;200
False;;(8, 19);;(10, 23);1;201
False;;(8, 19);;(10, 23);1;202
False;;(8, 19);;(10, 23);1;203
False;;(8, 19);;(10, 23);1;204
False;;(8, 19);;(10, 23);1;205
False;;(8, 19);;(10, 23);1;206
False;;(8, 19);;(10, 23);1;207
False;;(8, 19);;(10, 23);1;208
False;;(8, 19);;(10, 23);1;209
False;;(8, 19);;(10, 23);1;210
False;;(8, 19);;(10, 23);1;211
False;;(8, 19);;(10, 23);1;212
False;;(8, 19);;(10, 23);1;213
False;;(8, 19);;(10, 23);1;214
False;;(8, 19);;(10, 23);1;215
False;;(8, 19);MoveNorth;(10, 22);1;216
False;;(8, 19);;(10, 22);1;217
False;;(8, 19);MoveNorth;(10, 21);1;218
False;;(8, 19);;(10, 21);1;219
False;;(8, 19);;(10, 21);1;220
False;;(8, 19);MoveEast;(11, 21);1;221
False;;(8, 19);;(11, 21);1;222
False;;(8, 19);;(11, 21);1;223
False;;(8, 19);MoveEast;(12, 21);1;224
False;;(8, 19);;(12, 21);1;225
False;;(8, 19);MoveEast;(13, 21);1;226
False;;(8, 19);;(13, 21);1;227
False;;(8, 19);MoveEast;(13, 21);1;228
False;;(8, 19);;(13, 21);1;229
False;;(8, 19);MoveNorth;(13, 20);1;230
False;;(8, 19);;(13, 20);1;231
False;;(8, 19);MoveNorth;(13, 19);1;232
False;;(8, 19);;(13, 19);1;233
False;;(8, 19);;(13, 19);1;234
False;;(8, 19);MoveNorth;(13, 18);1;235
False;;(8, 19);;(13, 18);1;236
False;;(8, 19);MoveNorth;(13, 17);1;237
False;;(8, 19);;(13, 17);1;238
False;;(8, 19);MoveNorth;(13, 16);1;239
False;;(8, 19);;(13, 16);1;240
False;;(8, 19);;(13, 16);1;241
False;;(8, 19);MoveNorth;(13, 15);1;242
False;;(8, 19);;(13, 15);1;243
False;;(8, 19);;(13, 15);1;244
False;;(8, 19);;(13, 15);1;245
False;;(8, 19);MoveNorth;(13, 14);1;246
False;;(8, 19);;(13, 14);1;247
False;;(8, 19);MoveNorth;(13, 13);1;248
False;;(8, 19);;(13, 13);1;249
False;;(8, 19);;(13, 13);1;250
False;;(8, 19);MoveWest;(12, 13);1;251
False;;(8, 19);;(12, 13);1;252
False;;(8, 19);MoveWest;(11, 13);1;253
False;;(8, 19);;(11, 13);1;254
False;;(8, 19);MoveWest;(10, 13);1;255
False;;(8, 19);;(10, 13);1;256
False;;(8, 19);;(10, 13);1;257
False;;(8, 19);MoveWest;(9, 13);1;258
False;;(8, 19);;(9, 13);1;259
False;;(8, 19);;(9, 13);1;260
False;;(8, 19);MoveSouth;(9, 14);1;261
False;;(8, 19);;(9, 14);1;262
False;;(8, 19);MoveSouth;(9, 15);1;263
False;;(8, 19);;(9, 15);1;264
False;;(8, 19);;(9, 15);1;265
False;;(8, 19);MoveSouth;(9, 16);1;266
False;;(8, 19);;(9, 16);1;267
False;;(8, 19);MoveSouth;(9, 17);1;268
False;;(8, 19);;(9, 17);1;269
False;;(8, 19);MoveSouth;(9, 18);1;270
False;;(8, 19);;(9, 18);1;271
False;;(8, 19);;(9, 18);1;272
False;;(8, 19);;(9, 18);1;273
False;;(8, 19);;(9, 18);1;274
False;;(8, 19);;(9, 18);1;275
False;;(8, 19);;(9, 18);1;276
False;;(8, 19);;(9, 18);1;277
False;;(8, 19);;(9, 18);1;278
False;;(8, 19);;(9, 18);1;279
False;;(8, 19);;(9, 18);1;280
False;;(8, 19);;(9, 18);1;281
False;;(8, 19);;(9, 18);1;282
False;;(8, 19);;(9, 18);1;283
False;;(8, 19);;(9, 18);1;284
False;;(8, 19);;(9, 18);1;285
False;;(8, 19);;(9, 18);1;286
False;;(8, 19);;(9, 18);1;287
False;;(8, 19);;(9, 18);1;288
False;;(8, 19);;(9, 18);1;289
False;;(8, 19);;(9, 18);1;290
False;;(8, 19);;(9, 18);1;291
False;;(8, 19);;(9, 18);1;292
False;;(8, 19);;(9, 18);1;293
False;;(8, 19);;(9, 18);1;294
False;;(8, 19);;(9, 18);1;295
False;;(8, 19);;(9, 18);1;296
False;;(8, 19);;(9, 18);1;297
False;;(8, 19);;(9, 18);1;298
False;;(8, 19);;(9, 18);1;299
False;;(8, 19);;(9, 18);1;300
False;;(8, 19);;(9, 18);1;301
False;;(8, 19);;(9, 18);1;302
False;;(8, 19);;(9, 18);1;303
False;;(8, 19);;(9, 18);1;304
False;;(8, 19);;(9, 18);1;305
False;;(8, 19);;(9, 18);1;306
False;;(8, 19);;(9, 18);1;307
False;;(8, 19);;(9, 18);1;308
False;;(8, 19);;(9, 18);1;309
False;MoveNorthEast;(8, 19);;(9, 18);1;310
False;MoveNorthEast;(8, 19);;(9, 18);1;311
False;MoveNorthEast;(8, 19);;(9, 18);1;312
False;MoveNorthEast;(9, 18);;(9, 18);1;313
False;MoveSouth;(9, 18);;(9, 18);1;314
False;MoveSouth;(9, 18);;(9, 18);1;315
False;MoveSouth;(9, 18);;(9, 18);1;316
False;MoveSouth;(9, 19);;(9, 18);1;317
False;MoveNorthEast;(9, 19);;(9, 18);1;318
False;MoveNorthEast;(9, 19);;(9, 18);1;319
False;MoveNorthEast;(9, 19);;(9, 18);1;320
False;MoveNorthEast;(10, 18);;(9, 18);1;321
False;MoveSouth;(10, 18);;(9, 18);1;322
False;MoveSouth;(10, 18);;(9, 18);1;323
False;MoveSouth;(10, 18);;(9, 18);1;324
False;MoveSouth;(10, 19);;(9, 18);1;325
False;MoveNorthWest;(10, 19);;(9, 18);1;326
False;MoveNorthWest;(10, 19);;(9, 18);1;327
False;MoveNorthWest;(10, 19);;(9, 18);1;328
False;MoveNorthWest;(9, 18);;(9, 18);1;329
False;MoveWest;(9, 18);;(9, 18);1;330
False;MoveWest;(9, 18);;(9, 18);1;331
False;MoveWest;(9, 18);;(9, 18);1;332
False;MoveWest;(8, 18);;(9, 18);1;333
False;GrabObject;(8, 18);;(9, 18);1;334
False;GrabObject;(8, 18);;(9, 18);1;335
False;GrabObject;(8, 18);;(9, 18);1;336
False;GrabObject;(8, 18);;(9, 18);1;337
False;MoveNorthEast;(8, 18);;(9, 18);1;338
False;MoveNorthEast;(8, 18);;(9, 18);1;339
False;MoveNorthEast;(8, 18);;(9, 18);1;340
False;MoveNorthEast;(9, 17);;(9, 18);1;341
False;MoveNorth;(9, 17);;(9, 18);1;342
False;MoveNorth;(9, 17);;(9, 18);1;343
False;MoveNorth;(9, 17);;(9, 18);1;344
False;MoveNorth;(9, 16);;(9, 18);1;345
False;MoveNorth;(9, 16);;(9, 18);1;346
False;MoveNorth;(9, 16);;(9, 18);1;347
False;MoveNorth;(9, 16);;(9, 18);1;348
False;MoveNorth;(9, 15);;(9, 18);1;349
False;MoveNorth;(9, 15);;(9, 18);1;350
False;MoveNorth;(9, 15);;(9, 18);1;351
False;MoveNorth;(9, 15);;(9, 18);1;352
False;MoveNorth;(9, 14);;(9, 18);1;353
False;MoveNorthEast;(9, 14);;(9, 18);1;354
False;MoveNorthEast;(9, 14);;(9, 18);1;355
False;MoveNorthEast;(9, 14);;(9, 18);1;356
False;MoveNorthEast;(10, 13);;(9, 18);1;357
False;MoveEast;(10, 13);;(9, 18);1;358
False;MoveEast;(10, 13);;(9, 18);1;359
False;MoveEast;(10, 13);;(9, 18);1;360
False;MoveEast;(11, 13);;(9, 18);1;361
False;MoveEast;(11, 13);;(9, 18);1;362
False;MoveEast;(11, 13);;(9, 18);1;363
False;MoveEast;(11, 13);;(9, 18);1;364
False;MoveEast;(12, 13);;(9, 18);1;365
False;MoveSouthEast;(12, 13);;(9, 18);1;366
False;MoveSouthEast;(12, 13);;(9, 18);1;367
False;MoveSouthEast;(12, 13);;(9, 18);1;368
False;MoveSouthEast;(13, 14);;(9, 18);1;369
False;MoveSouth;(13, 14);;(9, 18);1;370
False;MoveSouth;(13, 14);;(9, 18);1;371
False;MoveSouth;(13, 14);;(9, 18);1;372
False;MoveSouth;(13, 15);;(9, 18);1;373
False;MoveSouth;(13, 15);;(9, 18);1;374
False;MoveSouth;(13, 15);;(9, 18);1;375
False;MoveSouth;(13, 15);;(9, 18);1;376
False;MoveSouth;(13, 16);;(9, 18);1;377
False;MoveSouth;(13, 16);;(9, 18);1;378
False;MoveSouth;(13, 16);;(9, 18);1;379
False;MoveSouth;(13, 16);;(9, 18);1;380
False;MoveSouth;(13, 17);;(9, 18);1;381
False;MoveSouth;(13, 17);;(9, 18);1;382
False;MoveSouth;(13, 17);;(9, 18);1;383
False;MoveSouth;(13, 17);;(9, 18);1;384
False;MoveSouth;(13, 18);;(9, 18);1;385
False;MoveSouth;(13, 18);;(9, 18);1;386
False;MoveSouth;(13, 18);;(9, 18);1;387
False;MoveSouth;(13, 18);;(9, 18);1;388
False;MoveSouth;(13, 19);;(9, 18);1;389
False;MoveSouth;(13, 19);;(9, 18);1;390
False;MoveSouth;(13, 19);;(9, 18);1;391
False;MoveSouth;(13, 19);;(9, 18);1;392
False;MoveSouth;(13, 20);;(9, 18);1;393
False;MoveSouthWest;(13, 20);;(9, 18);1;394
False;MoveSouthWest;(13, 20);;(9, 18);1;395
False;MoveSouthWest;(13, 20);;(9, 18);1;396
False;MoveSouthWest;(12, 21);;(9, 18);1;397
False;MoveWest;(12, 21);;(9, 18);1;398
False;MoveWest;(12, 21);;(9, 18);1;399
False;MoveWest;(12, 21);;(9, 18);1;400
False;MoveWest;(11, 21);;(9, 18);1;401
False;MoveWest;(11, 21);;(9, 18);1;402
False;MoveWest;(11, 21);;(9, 18);1;403
False;MoveWest;(11, 21);;(9, 18);1;404
False;MoveWest;(10, 21);;(9, 18);1;405
False;MoveWest;(10, 21);;(9, 18);1;406
False;MoveWest;(10, 21);;(9, 18);1;407
False;MoveWest;(10, 21);;(9, 18);1;408
False;MoveWest;(9, 21);;(9, 18);1;409
False;MoveWest;(9, 21);;(9, 18);1;410
False;MoveWest;(9, 21);;(9, 18);1;411
False;MoveWest;(9, 21);;(9, 18);1;412
False;MoveWest;(8, 21);;(9, 18);1;413
False;MoveWest;(8, 21);;(9, 18);1;414
False;MoveWest;(8, 21);;(9, 18);1;415
False;MoveWest;(8, 21);;(9, 18);1;416
False;MoveWest;(7, 21);;(9, 18);1;417
False;MoveWest;(7, 21);;(9, 18);1;418
False;MoveWest;(7, 21);;(9, 18);1;419
False;MoveWest;(7, 21);;(9, 18);1;420
False;MoveWest;(6, 21);;(9, 18);1;421
False;MoveWest;(6, 21);;(9, 18);1;422
False;MoveWest;(6, 21);;(9, 18);1;423
False;MoveWest;(6, 21);;(9, 18);1;424
False;MoveWest;(5, 21);;(9, 18);1;425
False;MoveSouthWest;(5, 21);;(9, 18);1;426
False;MoveSouthWest;(5, 21);;(9, 18);1;427
False;MoveSouthWest;(5, 21);;(9, 18);1;428
False;MoveSouthWest;(4, 22);;(9, 18);1;429
False;MoveSouthWest;(4, 22);;(9, 18);1;430
False;MoveSouthWest;(4, 22);;(9, 18);1;431
False;MoveSouthWest;(4, 22);;(9, 18);1;432
False;MoveSouthWest;(3, 23);;(9, 18);1;433
False;MoveWest;(3, 23);;(9, 18);1;434
False;MoveWest;(3, 23);;(9, 18);1;435
False;MoveWest;(3, 23);;(9, 18);1;436
False;MoveWest;(2, 23);;(9, 18);1;437
False;MoveWest;(2, 23);;(9, 18);1;438
False;MoveWest;(2, 23);;(9, 18);1;439
False;MoveWest;(2, 23);;(9, 18);1;440
False;MoveWest;(1, 23);;(9, 18);1;441
False;DropObject;(1, 23);;(9, 18);1;442
False;DropObject;(1, 23);;(9, 18);1;443
False;DropObject;(1, 23);;(9, 18);1;444
False;DropObject;(1, 23);;(9, 18);1;445
False;MoveEast;(1, 23);;(9, 18);1;446
False;MoveEast;(1, 23);;(9, 18);1;447
False;MoveEast;(1, 23);;(9, 18);1;448
False;MoveEast;(2, 23);;(9, 18);1;449
False;MoveEast;(2, 23);;(9, 18);1;450
False;MoveEast;(2, 23);;(9, 18);1;451
False;MoveEast;(2, 23);;(9, 18);1;452
False;MoveEast;(3, 23);;(9, 18);1;453
False;MoveNorthEast;(3, 23);;(9, 18);1;454
False;MoveNorthEast;(3, 23);;(9, 18);1;455
False;MoveNorthEast;(3, 23);;(9, 18);1;456
False;MoveNorthEast;(4, 22);;(9, 18);1;457
False;MoveNorthEast;(4, 22);;(9, 18);1;458
False;MoveNorthEast;(4, 22);;(9, 18);1;459
False;MoveNorthEast;(4, 22);;(9, 18);1;460
False;MoveNorthEast;(5, 21);;(9, 18);1;461
False;MoveEast;(5, 21);;(9, 18);1;462
False;MoveEast;(5, 21);;(9, 18);1;463
False;MoveEast;(5, 21);;(9, 18);1;464
False;MoveEast;(6, 21);;(9, 18);1;465
False;MoveEast;(6, 21);;(9, 18);1;466
False;MoveEast;(6, 21);;(9, 18);1;467
False;MoveEast;(6, 21);;(9, 18);1;468
False;MoveEast;(7, 21);;(9, 18);1;469
False;MoveEast;(7, 21);;(9, 18);1;470
False;MoveEast;(7, 21);;(9, 18);1;471
False;MoveEast;(7, 21);;(9, 18);1;472
False;MoveEast;(8, 21);;(9, 18);1;473
False;MoveEast;(8, 21);;(9, 18);1;474
False;MoveEast;(8, 21);;(9, 18);1;475
False;MoveEast;(8, 21);;(9, 18);1;476
False;MoveEast;(9, 21);;(9, 18);1;477
False;MoveEast;(9, 21);;(9, 18);1;478
False;MoveEast;(9, 21);;(9, 18);1;479
False;MoveEast;(9, 21);;(9, 18);1;480
False;MoveEast;(10, 21);;(9, 18);1;481
False;MoveEast;(10, 21);;(9, 18);1;482
False;MoveEast;(10, 21);;(9, 18);1;483
False;MoveEast;(10, 21);;(9, 18);1;484
False;MoveEast;(11, 21);;(9, 18);1;485
False;MoveEast;(11, 21);;(9, 18);1;486
False;MoveEast;(11, 21);;(9, 18);1;487
False;MoveEast;(11, 21);;(9, 18);1;488
False;MoveEast;(12, 21);;(9, 18);1;489
False;MoveNorthEast;(12, 21);;(9, 18);1;490
False;MoveNorthEast;(12, 21);;(9, 18);1;491
False;MoveNorthEast;(12, 21);;(9, 18);1;492
False;MoveNorthEast;(13, 20);;(9, 18);1;493
False;MoveNorth;(13, 20);;(9, 18);1;494
False;MoveNorth;(13, 20);;(9, 18);1;495
False;MoveNorth;(13, 20);;(9, 18);1;496
False;MoveNorth;(13, 19);;(9, 18);1;497
False;MoveNorthEast;(13, 19);;(9, 18);1;498
False;MoveNorthEast;(13, 19);;(9, 18);1;499
False;MoveNorthEast;(13, 19);;(9, 18);1;500
False;MoveNorthEast;(14, 18);;(9, 18);1;501
False;MoveEast;(14, 18);;(9, 18);1;502
False;MoveEast;(14, 18);;(9, 18);1;503
False;MoveEast;(14, 18);;(9, 18);1;504
False;MoveEast;(15, 18);;(9, 18);1;505
False;MoveEast;(15, 18);;(9, 18);1;506
False;MoveEast;(15, 18);;(9, 18);1;507
False;MoveEast;(15, 18);;(9, 18);1;508
False;MoveEast;(16, 18);;(9, 18);1;509
False;MoveNorthEast;(16, 18);;(9, 18);1;510
False;MoveNorthEast;(16, 18);;(9, 18);1;511
False;MoveNorthEast;(16, 18);;(9, 18);1;512
False;MoveNorthEast;(17, 17);;(9, 18);1;513
False;MoveNorth;(17, 17);;(9, 18);1;514
False;MoveNorth;(17, 17);;(9, 18);1;515
False;MoveNorth;(17, 17);;(9, 18);1;516
False;MoveNorth;(17, 16);;(9, 18);1;517
False;MoveNorth;(17, 16);;(9, 18);1;518
False;MoveNorth;(17, 16);;(9, 18);1;519
False;MoveNorth;(17, 16);;(9, 18);1;520
False;MoveNorth;(17, 15);;(9, 18);1;521
False;MoveNorth;(17, 15);;(9, 18);1;522
False;MoveNorth;(17, 15);;(9, 18);1;523
False;MoveNorth;(17, 15);;(9, 18);1;524
False;MoveNorth;(17, 14);;(9, 18);1;525
False;MoveSouth;(17, 14);;(9, 18);1;526
False;MoveSouth;(17, 14);;(9, 18);1;527
False;MoveSouth;(17, 14);;(9, 18);1;528
False;MoveSouth;(17, 15);;(9, 18);1;529
False;MoveSouth;(17, 15);;(9, 18);1;530
False;MoveSouth;(17, 15);;(9, 18);1;531
False;MoveSouth;(17, 15);;(9, 18);1;532
False;MoveSouth;(17, 16);;(9, 18);1;533
False;MoveSouth;(17, 16);;(9, 18);1;534
False;MoveSouth;(17, 16);;(9, 18);1;535
False;MoveSouth;(17, 16);;(9, 18);1;536
False;MoveSouth;(17, 17);;(9, 18);1;537
False;MoveSouth;(17, 17);;(9, 18);1;538
False;MoveSouth;(17, 17);;(9, 18);1;539
False;MoveSouth;(17, 17);;(9, 18);1;540
False;MoveSouth;(17, 18);;(9, 18);1;541
False;MoveSouth;(17, 18);;(9, 18);1;542
False;MoveSouth;(17, 18);;(9, 18);1;543
False;MoveSouth;(17, 18);;(9, 18);1;544
False;MoveSouth;(17, 19);;(9, 18);1;545
False;MoveSouth;(17, 19);;(9, 18);1;546
False;MoveSouth;(17, 19);;(9, 18);1;547
False;MoveSouth;(17, 19);;(9, 18);1;548
False;MoveSouth;(17, 20);;(9, 18);1;549
False;MoveSouth;(17, 20);;(9, 18);1;550
False;MoveSouth;(17, 20);;(9, 18);1;551
False;MoveSouth;(17, 20);;(9, 18);1;552
False;MoveSouth;(17, 21);;(9, 18);1;553
False;MoveSouth;(17, 21);;(9, 18);1;554
False;MoveSouth;(17, 21);;(9, 18);1;555
False;MoveSouth;(17, 21);;(9, 18);1;556
False;MoveSouth;(17, 22);;(9, 18);1;557
False;MoveNorth;(17, 22);;(9, 18);1;558
False;MoveNorth;(17, 22);;(9, 18);1;559
False;MoveNorth;(17, 22);;(9, 18);1;560
False;MoveNorth;(17, 21);;(9, 18);1;561
False;MoveNorth;(17, 21);;(9, 18);1;562
False;MoveNorth;(17, 21);;(9, 18);1;563
False;MoveNorth;(17, 21);;(9, 18);1;564
False;MoveNorth;(17, 20);;(9, 18);1;565
False;MoveNorth;(17, 20);;(9, 18);1;566
False;MoveNorth;(17, 20);;(9, 18);1;567
False;MoveNorth;(17, 20);;(9, 18);1;568
False;MoveNorth;(17, 19);;(9, 18);1;569
False;MoveNorth;(17, 19);;(9, 18);1;570
False;MoveNorth;(17, 19);;(9, 18);1;571
False;MoveNorth;(17, 19);;(9, 18);1;572
False;MoveNorth;(17, 18);;(9, 18);1;573
False;MoveNorth;(17, 18);;(9, 18);1;574
False;MoveNorth;(17, 18);;(9, 18);1;575
False;MoveNorth;(17, 18);;(9, 18);1;576
False;MoveNorth;(17, 17);;(9, 18);1;577
False;MoveNorth;(17, 17);;(9, 18);1;578
False;MoveNorth;(17, 17);;(9, 18);1;579
False;MoveNorth;(17, 17);;(9, 18);1;580
False;MoveNorth;(17, 16);;(9, 18);1;581
False;MoveNorth;(17, 16);;(9, 18);1;582
False;MoveNorth;(17, 16);;(9, 18);1;583
False;MoveNorth;(17, 16);;(9, 18);1;584
False;MoveNorth;(17, 15);;(9, 18);1;585
False;MoveNorthEast;(17, 15);;(9, 18);1;586
False;MoveNorthEast;(17, 15);;(9, 18);1;587
False;MoveNorthEast;(17, 15);;(9, 18);1;588
False;MoveNorthEast;(18, 14);;(9, 18);1;589
False;MoveSouth;(18, 14);;(9, 18);1;590
False;MoveSouth;(18, 14);;(9, 18);1;591
False;MoveSouth;(18, 14);;(9, 18);1;592
False;MoveSouth;(18, 15);;(9, 18);1;593
False;MoveSouth;(18, 15);;(9, 18);1;594
False;MoveSouth;(18, 15);;(9, 18);1;595
False;MoveSouth;(18, 15);;(9, 18);1;596
False;MoveSouth;(18, 16);;(9, 18);1;597
False;MoveSouth;(18, 16);;(9, 18);1;598
False;MoveSouth;(18, 16);;(9, 18);1;599
False;MoveSouth;(18, 16);;(9, 18);1;600
False;MoveSouth;(18, 17);;(9, 18);1;601
False;MoveSouth;(18, 17);;(9, 18);1;602
False;MoveSouth;(18, 17);;(9, 18);1;603
False;MoveSouth;(18, 17);;(9, 18);1;604
False;MoveSouth;(18, 18);;(9, 18);1;605
False;MoveSouth;(18, 18);;(9, 18);1;606
False;MoveSouth;(18, 18);;(9, 18);1;607
False;MoveSouth;(18, 18);;(9, 18);1;608
False;MoveSouth;(18, 19);;(9, 18);1;609
False;MoveSouth;(18, 19);;(9, 18);1;610
False;MoveSouth;(18, 19);;(9, 18);1;611
False;MoveSouth;(18, 19);;(9, 18);1;612
False;MoveSouth;(18, 20);;(9, 18);1;613
False;MoveSouth;(18, 20);;(9, 18);1;614
False;MoveSouth;(18, 20);;(9, 18);1;615
False;MoveSouth;(18, 20);;(9, 18);1;616
False;MoveSouth;(18, 21);;(9, 18);1;617
False;MoveSouth;(18, 21);;(9, 18);1;618
False;MoveSouth;(18, 21);;(9, 18);1;619
False;MoveSouth;(18, 21);;(9, 18);1;620
False;MoveSouth;(18, 22);;(9, 18);1;621
False;MoveNorth;(18, 22);;(9, 18);1;622
False;MoveNorth;(18, 22);;(9, 18);1;623
False;MoveNorth;(18, 22);;(9, 18);1;624
False;MoveNorth;(18, 21);;(9, 18);1;625
False;MoveNorth;(18, 21);;(9, 18);1;626
False;MoveNorth;(18, 21);;(9, 18);1;627
False;MoveNorth;(18, 21);;(9, 18);1;628
False;MoveNorth;(18, 20);;(9, 18);1;629
False;MoveNorth;(18, 20);;(9, 18);1;630
False;MoveNorth;(18, 20);;(9, 18);1;631
False;MoveNorth;(18, 20);;(9, 18);1;632
False;MoveNorth;(18, 19);;(9, 18);1;633
False;MoveNorth;(18, 19);;(9, 18);1;634
False;MoveNorth;(18, 19);;(9, 18);1;635
False;MoveNorth;(18, 19);;(9, 18);1;636
False;MoveNorth;(18, 18);;(9, 18);1;637
False;MoveNorth;(18, 18);;(9, 18);1;638
False;MoveNorth;(18, 18);;(9, 18);1;639
False;MoveNorth;(18, 18);;(9, 18);1;640
False;MoveNorth;(18, 17);;(9, 18);1;641
False;MoveNorth;(18, 17);;(9, 18);1;642
False;MoveNorth;(18, 17);;(9, 18);1;643
False;MoveNorth;(18, 17);;(9, 18);1;644
False;MoveNorth;(18, 16);;(9, 18);1;645
False;MoveNorth;(18, 16);;(9, 18);1;646
False;MoveNorth;(18, 16);;(9, 18);1;647
False;MoveNorth;(18, 16);;(9, 18);1;648
False;MoveNorth;(18, 15);;(9, 18);1;649
False;MoveNorthEast;(18, 15);;(9, 18);1;650
False;MoveNorthEast;(18, 15);;(9, 18);1;651
False;MoveNorthEast;(18, 15);;(9, 18);1;652
False;MoveNorthEast;(19, 14);;(9, 18);1;653
False;MoveSouth;(19, 14);;(9, 18);1;654
False;MoveSouth;(19, 14);;(9, 18);1;655
False;MoveSouth;(19, 14);;(9, 18);1;656
False;MoveSouth;(19, 15);;(9, 18);1;657
False;MoveSouth;(19, 15);;(9, 18);1;658
False;MoveSouth;(19, 15);;(9, 18);1;659
False;MoveSouth;(19, 15);;(9, 18);1;660
False;MoveSouth;(19, 16);;(9, 18);1;661
False;MoveSouth;(19, 16);;(9, 18);1;662
False;MoveSouth;(19, 16);;(9, 18);1;663
False;MoveSouth;(19, 16);;(9, 18);1;664
False;MoveSouth;(19, 17);;(9, 18);1;665
False;MoveSouth;(19, 17);;(9, 18);1;666
False;MoveSouth;(19, 17);;(9, 18);1;667
False;MoveSouth;(19, 17);;(9, 18);1;668
False;MoveSouth;(19, 18);;(9, 18);1;669
False;MoveSouth;(19, 18);;(9, 18);1;670
False;MoveSouth;(19, 18);;(9, 18);1;671
False;MoveSouth;(19, 18);;(9, 18);1;672
False;MoveSouth;(19, 19);;(9, 18);1;673
False;MoveSouth;(19, 19);;(9, 18);1;674
False;MoveSouth;(19, 19);;(9, 18);1;675
False;MoveSouth;(19, 19);;(9, 18);1;676
False;MoveSouth;(19, 20);;(9, 18);1;677
False;MoveSouth;(19, 20);;(9, 18);1;678
False;MoveSouth;(19, 20);;(9, 18);1;679
False;MoveSouth;(19, 20);;(9, 18);1;680
False;MoveSouth;(19, 21);;(9, 18);1;681
False;MoveSouth;(19, 21);;(9, 18);1;682
False;MoveSouth;(19, 21);;(9, 18);1;683
False;MoveSouth;(19, 21);;(9, 18);1;684
False;MoveSouth;(19, 22);;(9, 18);1;685
False;MoveNorth;(19, 22);;(9, 18);1;686
False;MoveNorth;(19, 22);;(9, 18);1;687
False;MoveNorth;(19, 22);;(9, 18);1;688
False;MoveNorth;(19, 21);;(9, 18);1;689
False;MoveNorth;(19, 21);;(9, 18);1;690
False;MoveNorth;(19, 21);;(9, 18);1;691
False;MoveNorth;(19, 21);;(9, 18);1;692
False;MoveNorth;(19, 20);;(9, 18);1;693
False;MoveNorth;(19, 20);;(9, 18);1;694
False;MoveNorth;(19, 20);;(9, 18);1;695
False;MoveNorth;(19, 20);;(9, 18);1;696
False;MoveNorth;(19, 19);;(9, 18);1;697
False;MoveNorth;(19, 19);;(9, 18);1;698
False;MoveNorth;(19, 19);;(9, 18);1;699
False;MoveNorth;(19, 19);;(9, 18);1;700
False;MoveNorth;(19, 18);;(9, 18);1;701
False;MoveNorth;(19, 18);;(9, 18);1;702
False;MoveNorth;(19, 18);;(9, 18);1;703
False;MoveNorth;(19, 18);;(9, 18);1;704
False;MoveNorth;(19, 17);;(9, 18);1;705
False;MoveNorth;(19, 17);;(9, 18);1;706
False;MoveNorth;(19, 17);;(9, 18);1;707
False;MoveNorth;(19, 17);;(9, 18);1;708
False;MoveNorth;(19, 16);;(9, 18);1;709
False;MoveNorth;(19, 16);;(9, 18);1;710
False;MoveNorth;(19, 16);;(9, 18);1;711
False;MoveNorth;(19, 16);;(9, 18);1;712
False;MoveNorth;(19, 15);;(9, 18);1;713
False;MoveNorthEast;(19, 15);;(9, 18);1;714
False;MoveNorthEast;(19, 15);;(9, 18);1;715
False;MoveNorthEast;(19, 15);;(9, 18);1;716
False;MoveNorthEast;(20, 14);;(9, 18);1;717
False;MoveSouth;(20, 14);;(9, 18);1;718
False;MoveSouth;(20, 14);;(9, 18);1;719
False;MoveSouth;(20, 14);;(9, 18);1;720
False;MoveSouth;(20, 15);;(9, 18);1;721
False;MoveSouth;(20, 15);;(9, 18);1;722
False;MoveSouth;(20, 15);;(9, 18);1;723
False;MoveSouth;(20, 15);;(9, 18);1;724
False;MoveSouth;(20, 16);;(9, 18);1;725
False;MoveSouth;(20, 16);;(9, 18);1;726
False;MoveSouth;(20, 16);;(9, 18);1;727
False;MoveSouth;(20, 16);;(9, 18);1;728
False;MoveSouth;(20, 17);;(9, 18);1;729
False;MoveSouth;(20, 17);;(9, 18);1;730
False;MoveSouth;(20, 17);;(9, 18);1;731
False;MoveSouth;(20, 17);;(9, 18);1;732
False;MoveSouth;(20, 18);;(9, 18);1;733
False;MoveSouth;(20, 18);;(9, 18);1;734
False;MoveSouth;(20, 18);;(9, 18);1;735
False;MoveSouth;(20, 18);;(9, 18);1;736
False;MoveSouth;(20, 19);;(9, 18);1;737
False;MoveSouth;(20, 19);;(9, 18);1;738
False;MoveSouth;(20, 19);;(9, 18);1;739
False;MoveSouth;(20, 19);;(9, 18);1;740
False;MoveSouth;(20, 20);;(9, 18);1;741
False;MoveSouth;(20, 20);;(9, 18);1;742
False;MoveSouth;(20, 20);;(9, 18);1;743
False;MoveSouth;(20, 20);;(9, 18);1;744
False;MoveSouth;(20, 21);;(9, 18);1;745
False;MoveSouth;(20, 21);;(9, 18);1;746
False;MoveSouth;(20, 21);;(9, 18);1;747
False;MoveSouth;(20, 21);;(9, 18);1;748
False;MoveSouth;(20, 22);;(9, 18);1;749
False;MoveNorth;(20, 22);;(9, 18);1;750
False;MoveNorth;(20, 22);;(9, 18);1;751
False;MoveNorth;(20, 22);;(9, 18);1;752
False;MoveNorth;(20, 21);;(9, 18);1;753
False;MoveNorth;(20, 21);;(9, 18);1;754
False;MoveNorth;(20, 21);;(9, 18);1;755
False;MoveNorth;(20, 21);;(9, 18);1;756
False;MoveNorth;(20, 20);;(9, 18);1;757
False;MoveNorth;(20, 20);;(9, 18);1;758
False;MoveNorth;(20, 20);;(9, 18);1;759
False;MoveNorth;(20, 20);;(9, 18);1;760
False;MoveNorth;(20, 19);;(9, 18);1;761
False;MoveNorth;(20, 19);;(9, 18);1;762
False;MoveNorth;(20, 19);;(9, 18);1;763
False;MoveNorth;(20, 19);;(9, 18);1;764
False;MoveNorth;(20, 18);;(9, 18);1;765
False;MoveNorth;(20, 18);;(9, 18);1;766
False;MoveNorth;(20, 18);;(9, 18);1;767
False;MoveNorth;(20, 18);;(9, 18);1;768
False;MoveNorth;(20, 17);;(9, 18);1;769
False;MoveNorth;(20, 17);;(9, 18);1;770
False;MoveNorth;(20, 17);;(9, 18);1;771
False;MoveNorth;(20, 17);;(9, 18);1;772
False;MoveNorth;(20, 16);;(9, 18);1;773
False;MoveNorth;(20, 16);;(9, 18);1;774
False;MoveNorth;(20, 16);;(9, 18);1;775
False;MoveNorth;(20, 16);;(9, 18);1;776
False;MoveNorth;(20, 15);;(9, 18);1;777
False;MoveNorthEast;(20, 15);;(9, 18);1;778
False;MoveNorthEast;(20, 15);;(9, 18);1;779
False;MoveNorthEast;(20, 15);;(9, 18);1;780
False;MoveNorthEast;(21, 14);;(9, 18);1;781
False;MoveSouth;(21, 14);;(9, 18);1;782
False;MoveSouth;(21, 14);;(9, 18);1;783
False;MoveSouth;(21, 14);;(9, 18);1;784
False;MoveSouth;(21, 15);;(9, 18);1;785
False;MoveSouth;(21, 15);;(9, 18);1;786
False;MoveSouth;(21, 15);;(9, 18);1;787
False;MoveSouth;(21, 15);;(9, 18);1;788
False;MoveSouth;(21, 16);;(9, 18);1;789
False;MoveSouth;(21, 16);;(9, 18);1;790
False;MoveSouth;(21, 16);;(9, 18);1;791
False;MoveSouth;(21, 16);;(9, 18);1;792
False;MoveSouth;(21, 17);;(9, 18);1;793
False;MoveSouth;(21, 17);;(9, 18);1;794
False;MoveSouth;(21, 17);;(9, 18);1;795
False;MoveSouth;(21, 17);;(9, 18);1;796
False;MoveSouth;(21, 18);;(9, 18);1;797
False;MoveSouth;(21, 18);;(9, 18);1;798
False;MoveSouth;(21, 18);;(9, 18);1;799
False;MoveSouth;(21, 18);;(9, 18);1;800
False;MoveSouth;(21, 19);;(9, 18);1;801
False;MoveSouth;(21, 19);;(9, 18);1;802
False;MoveSouth;(21, 19);;(9, 18);1;803
False;MoveSouth;(21, 19);;(9, 18);1;804
False;MoveSouth;(21, 20);;(9, 18);1;805
False;MoveSouth;(21, 20);;(9, 18);1;806
False;MoveSouth;(21, 20);;(9, 18);1;807
False;MoveSouth;(21, 20);;(9, 18);1;808
False;MoveSouth;(21, 21);;(9, 18);1;809
False;MoveSouth;(21, 21);;(9, 18);1;810
False;MoveSouth;(21, 21);;(9, 18);1;811
False;MoveSouth;(21, 21);;(9, 18);1;812
False;MoveSouth;(21, 22);;(9, 18);1;813
False;MoveNorthWest;(21, 22);;(9, 18);1;814
False;MoveNorthWest;(21, 22);;(9, 18);1;815
False;MoveNorthWest;(21, 22);;(9, 18);1;816
False;MoveNorthWest;(20, 21);;(9, 18);1;817
False;MoveNorthWest;(20, 21);;(9, 18);1;818
False;MoveNorthWest;(20, 21);;(9, 18);1;819
False;MoveNorthWest;(20, 21);;(9, 18);1;820
False;MoveNorthWest;(19, 20);;(9, 18);1;821
False;MoveNorthWest;(19, 20);;(9, 18);1;822
False;MoveNorthWest;(19, 20);;(9, 18);1;823
False;MoveNorthWest;(19, 20);;(9, 18);1;824
False;MoveNorthWest;(18, 19);;(9, 18);1;825
False;MoveNorthWest;(18, 19);;(9, 18);1;826
False;MoveNorthWest;(18, 19);;(9, 18);1;827
False;MoveNorthWest;(18, 19);;(9, 18);1;828
False;MoveNorthWest;(17, 18);;(9, 18);1;829
False;MoveWest;(17, 18);;(9, 18);1;830
False;MoveWest;(17, 18);;(9, 18);1;831
False;MoveWest;(17, 18);;(9, 18);1;832
False;MoveWest;(16, 18);;(9, 18);1;833
False;MoveWest;(16, 18);;(9, 18);1;834
False;MoveWest;(16, 18);;(9, 18);1;835
False;MoveWest;(16, 18);;(9, 18);1;836
False;MoveWest;(15, 18);;(9, 18);1;837
False;MoveWest;(15, 18);;(9, 18);1;838
False;MoveWest;(15, 18);;(9, 18);1;839
False;MoveWest;(15, 18);;(9, 18);1;840
False;MoveWest;(14, 18);;(9, 18);1;841
False;MoveNorthWest;(14, 18);;(9, 18);1;842
False;MoveNorthWest;(14, 18);;(9, 18);1;843
False;MoveNorthWest;(14, 18);;(9, 18);1;844
False;MoveNorthWest;(13, 17);;(9, 18);1;845
False;MoveNorth;(13, 17);;(9, 18);1;846
False;MoveNorth;(13, 17);;(9, 18);1;847
False;MoveNorth;(13, 17);;(9, 18);1;848
False;MoveNorth;(13, 16);;(9, 18);1;849
False;MoveNorth;(13, 16);;(9, 18);1;850
False;MoveNorth;(13, 16);;(9, 18);1;851
False;MoveNorth;(13, 16);;(9, 18);1;852
False;MoveNorth;(13, 15);;(9, 18);1;853
False;MoveNorth;(13, 15);;(9, 18);1;854
False;MoveNorth;(13, 15);;(9, 18);1;855
False;MoveNorth;(13, 15);;(9, 18);1;856
False;MoveNorth;(13, 14);;(9, 18);1;857
False;MoveNorthWest;(13, 14);;(9, 18);1;858
False;MoveNorthWest;(13, 14);;(9, 18);1;859
False;MoveNorthWest;(13, 14);;(9, 18);1;860
False;MoveNorthWest;(12, 13);;(9, 18);1;861
False;MoveWest;(12, 13);;(9, 18);1;862
False;MoveWest;(12, 13);;(9, 18);1;863
False;MoveWest;(12, 13);;(9, 18);1;864
False;MoveWest;(11, 13);;(9, 18);1;865
False;MoveWest;(11, 13);;(9, 18);1;866
False;MoveWest;(11, 13);;(9, 18);1;867
False;MoveWest;(11, 13);;(9, 18);1;868
False;MoveWest;(10, 13);;(9, 18);1;869
False;MoveWest;(10, 13);;(9, 18);1;870
False;MoveWest;(10, 13);;(9, 18);1;871
False;MoveWest;(10, 13);;(9, 18);1;872
False;MoveWest;(9, 13);;(9, 18);1;873
False;MoveNorth;(9, 13);;(9, 18);1;874
False;MoveNorth;(9, 13);;(9, 18);1;875
False;MoveNorth;(9, 13);;(9, 18);1;876
False;MoveNorth;(9, 12);;(9, 18);1;877
False;MoveNorthWest;(9, 12);;(9, 18);1;878
False;MoveNorthWest;(9, 12);;(9, 18);1;879
False;MoveNorthWest;(9, 12);;(9, 18);1;880
False;MoveNorthWest;(8, 11);;(9, 18);1;881
False;MoveNorthWest;(8, 11);;(9, 18);1;882
False;MoveNorthWest;(8, 11);;(9, 18);1;883
False;MoveNorthWest;(8, 11);;(9, 18);1;884
False;MoveNorthWest;(7, 10);;(9, 18);1;885
False;MoveNorthWest;(7, 10);;(9, 18);1;886
False;MoveNorthWest;(7, 10);;(9, 18);1;887
False;MoveNorthWest;(7, 10);;(9, 18);1;888
False;MoveNorthWest;(6, 9);;(9, 18);1;889
False;MoveNorth;(6, 9);;(9, 18);1;890
False;MoveNorth;(6, 9);;(9, 18);1;891
False;MoveNorth;(6, 9);;(9, 18);1;892
False;MoveNorth;(6, 8);;(9, 18);1;893
False;MoveSouth;(6, 8);;(9, 18);1;894
False;MoveSouth;(6, 8);;(9, 18);1;895
False;MoveSouth;(6, 8);;(9, 18);1;896
False;MoveSouth;(6, 9);;(9, 18);1;897
False;MoveSouth;(6, 9);;(9, 18);1;898
False;MoveSouth;(6, 9);;(9, 18);1;899
False;MoveSouth;(6, 9);;(9, 18);1;900
False;MoveSouth;(6, 10);;(9, 18);1;901
False;MoveSouth;(6, 10);;(9, 18);1;902
False;MoveSouth;(6, 10);;(9, 18);1;903
False;MoveSouth;(6, 10);;(9, 18);1;904
False;MoveSouth;(6, 11);;(9, 18);1;905
False;MoveNorth;(6, 11);;(9, 18);1;906
False;MoveNorth;(6, 11);;(9, 18);1;907
False;MoveNorth;(6, 11);;(9, 18);1;908
False;MoveNorth;(6, 10);;(9, 18);1;909
False;MoveNorth;(6, 10);;(9, 18);1;910
False;MoveNorth;(6, 10);;(9, 18);1;911
False;MoveNorth;(6, 10);;(9, 18);1;912
False;MoveNorth;(6, 9);;(9, 18);1;913
False;MoveNorthEast;(6, 9);;(9, 18);1;914
False;MoveNorthEast;(6, 9);;(9, 18);1;915
False;MoveNorthEast;(6, 9);;(9, 18);1;916
False;MoveNorthEast;(7, 8);;(9, 18);1;917
False;MoveSouth;(7, 8);;(9, 18);1;918
False;MoveSouth;(7, 8);;(9, 18);1;919
False;MoveSouth;(7, 8);;(9, 18);1;920
False;MoveSouth;(7, 9);;(9, 18);1;921
False;MoveSouth;(7, 9);;(9, 18);1;922
False;MoveSouth;(7, 9);;(9, 18);1;923
False;MoveSouth;(7, 9);;(9, 18);1;924
False;MoveSouth;(7, 10);;(9, 18);1;925
False;MoveSouth;(7, 10);;(9, 18);1;926
False;MoveSouth;(7, 10);;(9, 18);1;927
False;MoveSouth;(7, 10);;(9, 18);1;928
False;MoveSouth;(7, 11);;(9, 18);1;929
False;MoveNorth;(7, 11);;(9, 18);1;930
False;MoveNorth;(7, 11);;(9, 18);1;931
False;MoveNorth;(7, 11);;(9, 18);1;932
False;MoveNorth;(7, 10);;(9, 18);1;933
False;MoveNorth;(7, 10);;(9, 18);1;934
False;MoveNorth;(7, 10);;(9, 18);1;935
False;MoveNorth;(7, 10);;(9, 18);1;936
False;MoveNorth;(7, 9);;(9, 18);1;937
False;MoveNorthEast;(7, 9);;(9, 18);1;938
False;MoveNorthEast;(7, 9);;(9, 18);1;939
False;MoveNorthEast;(7, 9);;(9, 18);1;940
False;MoveNorthEast;(8, 8);;(9, 18);1;941
False;MoveSouth;(8, 8);;(9, 18);1;942
False;MoveSouth;(8, 8);;(9, 18);1;943
False;MoveSouth;(8, 8);;(9, 18);1;944
False;MoveSouth;(8, 9);;(9, 18);1;945
False;MoveSouth;(8, 9);;(9, 18);1;946
False;MoveSouth;(8, 9);;(9, 18);1;947
False;MoveSouth;(8, 9);;(9, 18);1;948
False;MoveSouth;(8, 10);;(9, 18);1;949
False;MoveSouth;(8, 10);;(9, 18);1;950
False;MoveSouth;(8, 10);;(9, 18);1;951
False;MoveSouth;(8, 10);;(9, 18);1;952
False;MoveSouth;(8, 11);;(9, 18);1;953
False;MoveNorth;(8, 11);;(9, 18);1;954
False;MoveNorth;(8, 11);;(9, 18);1;955
False;MoveNorth;(8, 11);;(9, 18);1;956
False;MoveNorth;(8, 10);;(9, 18);1;957
False;MoveNorth;(8, 10);;(9, 18);1;958
False;MoveNorth;(8, 10);;(9, 18);1;959
False;MoveNorth;(8, 10);;(9, 18);1;960
False;MoveNorth;(8, 9);;(9, 18);1;961
False;MoveNorthEast;(8, 9);;(9, 18);1;962
False;MoveNorthEast;(8, 9);;(9, 18);1;963
False;MoveNorthEast;(8, 9);;(9, 18);1;964
False;MoveNorthEast;(9, 8);;(9, 18);1;965
False;MoveSouth;(9, 8);;(9, 18);1;966
False;MoveSouth;(9, 8);;(9, 18);1;967
False;MoveSouth;(9, 8);;(9, 18);1;968
False;MoveSouth;(9, 9);;(9, 18);1;969
False;MoveSouth;(9, 9);;(9, 18);1;970
False;MoveSouth;(9, 9);;(9, 18);1;971
False;MoveSouth;(9, 9);;(9, 18);1;972
False;MoveSouth;(9, 10);;(9, 18);1;973
False;MoveSouth;(9, 10);;(9, 18);1;974
False;MoveSouth;(9, 10);;(9, 18);1;975
False;MoveSouth;(9, 10);;(9, 18);1;976
False;MoveSouth;(9, 11);;(9, 18);1;977
False;MoveNorth;(9, 11);;(9, 18);1;978
False;MoveNorth;(9, 11);;(9, 18);1;979
False;MoveNorth;(9, 11);;(9, 18);1;980
False;MoveNorth;(9, 10);;(9, 18);1;981
False;;(9, 10);;(9, 18);1;982
False;;(9, 10);;(9, 18);1;983
False;;(9, 10);;(9, 18);1;984
False;;(9, 10);;(9, 18);1;985
False;;(9, 10);;(9, 18);1;986
False;;(9, 10);;(9, 18);1;987
False;;(9, 10);;(9, 18);1;988
False;;(9, 10);;(9, 18);1;989
False;;(9, 10);;(9, 18);1;990
False;;(9, 10);;(9, 18);1;991
False;;(9, 10);;(9, 18);1;992
False;;(9, 10);;(9, 18);1;993
False;;(9, 10);;(9, 18);1;994
False;;(9, 10);;(9, 18);1;995
False;;(9, 10);;(9, 18);1;996
False;;(9, 10);;(9, 18);1;997
False;;(9, 10);;(9, 18);1;998
False;;(9, 10);;(9, 18);1;999
False;;(9, 10);;(9, 18);1;1000
False;;(9, 10);;(9, 18);1;1001
False;;(9, 10);;(9, 18);1;1002
False;;(9, 10);;(9, 18);1;1003
False;;(9, 10);;(9, 18);1;1004
False;;(9, 10);;(9, 18);1;1005
False;;(9, 10);;(9, 18);1;1006
False;;(9, 10);;(9, 18);1;1007
False;;(9, 10);;(9, 18);1;1008
False;;(9, 10);;(9, 18);1;1009
False;;(9, 10);;(9, 18);1;1010
False;;(9, 10);;(9, 18);1;1011
False;;(9, 10);;(9, 18);1;1012
False;;(9, 10);MoveNorth;(9, 17);1;1013
False;;(9, 10);;(9, 17);1;1014
False;;(9, 10);;(9, 17);1;1015
False;;(9, 10);MoveNorth;(9, 16);1;1016
False;;(9, 10);;(9, 16);1;1017
False;;(9, 10);;(9, 16);1;1018
False;;(9, 10);;(9, 16);1;1019
False;;(9, 10);MoveNorth;(9, 15);1;1020
False;;(9, 10);;(9, 15);1;1021
False;;(9, 10);;(9, 15);1;1022
False;;(9, 10);MoveNorth;(9, 14);1;1023
False;;(9, 10);;(9, 14);1;1024
False;;(9, 10);;(9, 14);1;1025
False;;(9, 10);;(9, 14);1;1026
False;;(9, 10);MoveNorth;(9, 13);1;1027
False;;(9, 10);;(9, 13);1;1028
False;;(9, 10);;(9, 13);1;1029
False;;(9, 10);;(9, 13);1;1030
False;;(9, 10);;(9, 13);1;1031
False;;(9, 10);MoveNorth;(9, 12);1;1032
False;;(9, 10);;(9, 12);1;1033
False;;(9, 10);;(9, 12);1;1034
False;;(9, 10);;(9, 12);1;1035
False;;(9, 10);;(9, 12);1;1036
False;;(9, 10);MoveNorth;(9, 11);1;1037
False;;(9, 10);;(9, 11);1;1038
False;;(9, 10);;(9, 11);1;1039
False;;(9, 10);;(9, 11);1;1040
False;;(9, 10);;(9, 11);1;1041
False;;(9, 10);;(9, 11);1;1042
False;;(9, 10);;(9, 11);1;1043
False;;(9, 10);;(9, 11);1;1044
False;;(9, 10);;(9, 11);1;1045
False;;(9, 10);;(9, 11);1;1046
False;;(9, 10);;(9, 11);1;1047
False;;(9, 10);;(9, 11);1;1048
False;;(9, 10);;(9, 11);1;1049
False;;(9, 10);;(9, 11);1;1050
False;;(9, 10);;(9, 11);1;1051
False;;(9, 10);;(9, 11);1;1052
False;;(9, 10);;(9, 11);1;1053
False;;(9, 10);;(9, 11);1;1054
False;;(9, 10);;(9, 11);1;1055
False;;(9, 10);;(9, 11);1;1056
False;;(9, 10);;(9, 11);1;1057
False;;(9, 10);;(9, 11);1;1058
False;;(9, 10);;(9, 11);1;1059
False;;(9, 10);;(9, 11);1;1060
False;;(9, 10);;(9, 11);1;1061
False;;(9, 10);;(9, 11);1;1062
False;;(9, 10);;(9, 11);1;1063
False;;(9, 10);;(9, 11);1;1064
False;;(9, 10);;(9, 11);1;1065
False;;(9, 10);;(9, 11);1;1066
False;;(9, 10);;(9, 11);1;1067
False;;(9, 10);;(9, 11);1;1068
False;;(9, 10);;(9, 11);1;1069
False;;(9, 10);;(9, 11);1;1070
False;;(9, 10);;(9, 11);1;1071
False;;(9, 10);;(9, 11);1;1072
False;;(9, 10);;(9, 11);1;1073
False;;(9, 10);;(9, 11);1;1074
False;;(9, 10);;(9, 11);1;1075
False;;(9, 10);;(9, 11);1;1076
False;;(9, 10);;(9, 11);1;1077
False;;(9, 10);;(9, 11);1;1078
False;;(9, 10);;(9, 11);1;1079
False;;(9, 10);;(9, 11);1;1080
False;;(9, 10);;(9, 11);1;1081
False;;(9, 10);;(9, 11);1;1082
False;;(9, 10);;(9, 11);1;1083
False;;(9, 10);;(9, 11);1;1084
False;;(9, 10);;(9, 11);1;1085
False;;(9, 10);;(9, 11);1;1086
False;;(9, 10);;(9, 11);1;1087
False;;(9, 10);;(9, 11);1;1088
False;;(9, 10);;(9, 11);1;1089
False;;(9, 10);;(9, 11);1;1090
False;;(9, 10);;(9, 11);1;1091
False;;(9, 10);;(9, 11);1;1092
False;;(9, 10);;(9, 11);1;1093
False;;(9, 10);;(9, 11);1;1094
False;;(9, 10);;(9, 11);1;1095
False;;(9, 10);;(9, 11);1;1096
False;;(9, 10);;(9, 11);1;1097
False;;(9, 10);;(9, 11);1;1098
False;;(9, 10);;(9, 11);1;1099
False;;(9, 10);;(9, 11);1;1100
False;;(9, 10);;(9, 11);1;1101
False;;(9, 10);;(9, 11);1;1102
False;;(9, 10);;(9, 11);1;1103
False;;(9, 10);;(9, 11);1;1104
False;;(9, 10);;(9, 11);1;1105
False;;(9, 10);;(9, 11);1;1106
False;;(9, 10);;(9, 11);1;1107
False;;(9, 10);;(9, 11);1;1108
False;;(9, 10);;(9, 11);1;1109
False;;(9, 10);;(9, 11);1;1110
False;;(9, 10);;(9, 11);1;1111
False;;(9, 10);;(9, 11);1;1112
False;;(9, 10);;(9, 11);1;1113
False;;(9, 10);;(9, 11);1;1114
False;;(9, 10);;(9, 11);1;1115
False;;(9, 10);;(9, 11);1;1116
False;;(9, 10);;(9, 11);1;1117
False;;(9, 10);;(9, 11);1;1118
False;;(9, 10);;(9, 11);1;1119
False;;(9, 10);;(9, 11);1;1120
False;;(9, 10);;(9, 11);1;1121
False;;(9, 10);;(9, 11);1;1122
False;;(9, 10);;(9, 11);1;1123
False;;(9, 10);;(9, 11);1;1124
False;;(9, 10);;(9, 11);1;1125
False;;(9, 10);;(9, 11);1;1126
False;;(9, 10);;(9, 11);1;1127
False;;(9, 10);;(9, 11);1;1128
False;;(9, 10);;(9, 11);1;1129
False;;(9, 10);;(9, 11);1;1130
False;;(9, 10);;(9, 11);1;1131
False;;(9, 10);;(9, 11);1;1132
False;;(9, 10);;(9, 11);1;1133
False;;(9, 10);;(9, 11);1;1134
False;;(9, 10);;(9, 11);1;1135
False;;(9, 10);;(9, 11);1;1136
False;;(9, 10);;(9, 11);1;1137
False;;(9, 10);;(9, 11);1;1138
False;;(9, 10);;(9, 11);1;1139
False;;(9, 10);;(9, 11);1;1140
False;;(9, 10);;(9, 11);1;1141
False;;(9, 10);;(9, 11);1;1142
False;;(9, 10);;(9, 11);1;1143
False;;(9, 10);;(9, 11);1;1144
False;;(9, 10);;(9, 11);1;1145
False;;(9, 10);;(9, 11);1;1146
False;;(9, 10);;(9, 11);1;1147
False;;(9, 10);;(9, 11);1;1148
False;;(9, 10);;(9, 11);1;1149
False;;(9, 10);;(9, 11);1;1150
False;;(9, 10);;(9, 11);1;1151
False;;(9, 10);;(9, 11);1;1152
False;;(9, 10);;(9, 11);1;1153
False;;(9, 10);;(9, 11);1;1154
False;;(9, 10);;(9, 11);1;1155
False;;(9, 10);;(9, 11);1;1156
False;;(9, 10);;(9, 11);1;1157
False;;(9, 10);;(9, 11);1;1158
False;;(9, 10);;(9, 11);1;1159
False;;(9, 10);;(9, 11);1;1160
False;;(9, 10);;(9, 11);1;1161
False;;(9, 10);;(9, 11);1;1162
False;;(9, 10);;(9, 11);1;1163
False;;(9, 10);;(9, 11);1;1164
False;;(9, 10);;(9, 11);1;1165
False;;(9, 10);;(9, 11);1;1166
False;;(9, 10);;(9, 11);1;1167
False;;(9, 10);;(9, 11);1;1168
False;;(9, 10);;(9, 11);1;1169
False;;(9, 10);;(9, 11);1;1170
False;;(9, 10);;(9, 11);1;1171
False;;(9, 10);;(9, 11);1;1172
False;;(9, 10);;(9, 11);1;1173
False;;(9, 10);;(9, 11);1;1174
False;;(9, 10);;(9, 11);1;1175
False;;(9, 10);;(9, 11);1;1176
False;;(9, 10);;(9, 11);1;1177
False;;(9, 10);;(9, 11);1;1178
False;;(9, 10);;(9, 11);1;1179
False;;(9, 10);;(9, 11);1;1180
False;;(9, 10);;(9, 11);1;1181
False;;(9, 10);;(9, 11);1;1182
False;;(9, 10);;(9, 11);1;1183
False;;(9, 10);;(9, 11);1;1184
False;;(9, 10);;(9, 11);1;1185
False;;(9, 10);;(9, 11);1;1186
False;;(9, 10);;(9, 11);1;1187
False;;(9, 10);;(9, 11);1;1188
False;;(9, 10);;(9, 11);1;1189
False;;(9, 10);;(9, 11);1;1190
False;;(9, 10);;(9, 11);1;1191
False;;(9, 10);;(9, 11);1;1192
False;;(9, 10);;(9, 11);1;1193
False;;(9, 10);;(9, 11);1;1194
False;;(9, 10);;(9, 11);1;1195
False;;(9, 10);;(9, 11);1;1196
False;;(9, 10);;(9, 11);1;1197
False;;(9, 10);;(9, 11);1;1198
False;;(9, 10);;(9, 11);1;1199
False;;(9, 10);;(9, 11);1;1200
False;;(9, 10);;(9, 11);1;1201
False;;(9, 10);;(9, 11);1;1202
False;;(9, 10);;(9, 11);1;1203
False;;(9, 10);;(9, 11);1;1204
False;;(9, 10);;(9, 11);1;1205
False;;(9, 10);;(9, 11);1;1206
False;;(9, 10);;(9, 11);1;1207
False;;(9, 10);;(9, 11);1;1208
False;;(9, 10);;(9, 11);1;1209
False;;(9, 10);;(9, 11);1;1210
False;;(9, 10);;(9, 11);1;1211
False;;(9, 10);;(9, 11);1;1212
False;;(9, 10);;(9, 11);1;1213
False;;(9, 10);;(9, 11);1;1214
False;;(9, 10);;(9, 11);1;1215
False;;(9, 10);;(9, 11);1;1216
False;;(9, 10);;(9, 11);1;1217
False;;(9, 10);;(9, 11);1;1218
False;;(9, 10);;(9, 11);1;1219
False;;(9, 10);;(9, 11);1;1220
False;;(9, 10);;(9, 11);1;1221
False;;(9, 10);;(9, 11);1;1222
False;;(9, 10);;(9, 11);1;1223
False;;(9, 10);;(9, 11);1;1224
False;;(9, 10);;(9, 11);1;1225
False;;(9, 10);;(9, 11);1;1226
False;;(9, 10);;(9, 11);1;1227
False;;(9, 10);;(9, 11);1;1228
False;;(9, 10);;(9, 11);1;1229
False;;(9, 10);;(9, 11);1;1230
False;;(9, 10);;(9, 11);1;1231
False;;(9, 10);;(9, 11);1;1232
False;;(9, 10);;(9, 11);1;1233
False;;(9, 10);;(9, 11);1;1234
False;;(9, 10);;(9, 11);1;1235
False;;(9, 10);;(9, 11);1;1236
False;;(9, 10);;(9, 11);1;1237
False;;(9, 10);;(9, 11);1;1238
False;;(9, 10);;(9, 11);1;1239
False;;(9, 10);;(9, 11);1;1240
False;;(9, 10);;(9, 11);1;1241
False;;(9, 10);;(9, 11);1;1242
False;;(9, 10);;(9, 11);1;1243
False;;(9, 10);;(9, 11);1;1244
False;;(9, 10);;(9, 11);1;1245
False;;(9, 10);;(9, 11);1;1246
False;;(9, 10);;(9, 11);1;1247
False;;(9, 10);;(9, 11);1;1248
False;;(9, 10);;(9, 11);1;1249
False;;(9, 10);;(9, 11);1;1250
False;;(9, 10);;(9, 11);1;1251
False;;(9, 10);;(9, 11);1;1252
False;;(9, 10);;(9, 11);1;1253
False;;(9, 10);;(9, 11);1;1254
False;;(9, 10);;(9, 11);1;1255
False;;(9, 10);;(9, 11);1;1256
False;;(9, 10);;(9, 11);1;1257
False;;(9, 10);;(9, 11);1;1258
False;;(9, 10);;(9, 11);1;1259
False;;(9, 10);;(9, 11);1;1260
False;;(9, 10);;(9, 11);1;1261
False;;(9, 10);;(9, 11);1;1262
False;;(9, 10);;(9, 11);1;1263
False;;(9, 10);;(9, 11);1;1264
False;;(9, 10);;(9, 11);1;1265
False;;(9, 10);;(9, 11);1;1266
False;;(9, 10);;(9, 11);1;1267
False;;(9, 10);;(9, 11);1;1268
False;;(9, 10);;(9, 11);1;1269
False;;(9, 10);;(9, 11);1;1270
False;;(9, 10);;(9, 11);1;1271
False;;(9, 10);;(9, 11);1;1272
False;;(9, 10);;(9, 11);1;1273
False;;(9, 10);;(9, 11);1;1274
False;;(9, 10);;(9, 11);1;1275
False;;(9, 10);;(9, 11);1;1276
False;;(9, 10);;(9, 11);1;1277
False;;(9, 10);;(9, 11);1;1278
False;;(9, 10);;(9, 11);1;1279
False;;(9, 10);;(9, 11);1;1280
False;;(9, 10);;(9, 11);1;1281
False;;(9, 10);;(9, 11);1;1282
False;;(9, 10);;(9, 11);1;1283
False;;(9, 10);;(9, 11);1;1284
False;;(9, 10);;(9, 11);1;1285
False;;(9, 10);;(9, 11);1;1286
False;;(9, 10);;(9, 11);1;1287
False;;(9, 10);;(9, 11);1;1288
False;;(9, 10);;(9, 11);1;1289
False;;(9, 10);;(9, 11);1;1290
False;;(9, 10);;(9, 11);1;1291
False;;(9, 10);;(9, 11);1;1292
False;;(9, 10);;(9, 11);1;1293
False;;(9, 10);;(9, 11);1;1294
False;;(9, 10);;(9, 11);1;1295
False;;(9, 10);;(9, 11);1;1296
False;;(9, 10);;(9, 11);1;1297
False;;(9, 10);;(9, 11);1;1298
False;;(9, 10);;(9, 11);1;1299
False;;(9, 10);;(9, 11);1;1300
False;;(9, 10);;(9, 11);1;1301
False;;(9, 10);;(9, 11);1;1302
False;;(9, 10);;(9, 11);1;1303
False;;(9, 10);;(9, 11);1;1304
False;;(9, 10);;(9, 11);1;1305
False;;(9, 10);;(9, 11);1;1306
False;;(9, 10);;(9, 11);1;1307
False;;(9, 10);;(9, 11);1;1308
False;;(9, 10);;(9, 11);1;1309
False;;(9, 10);;(9, 11);1;1310
False;;(9, 10);;(9, 11);1;1311
False;;(9, 10);;(9, 11);1;1312
False;;(9, 10);;(9, 11);1;1313
False;;(9, 10);;(9, 11);1;1314
False;;(9, 10);;(9, 11);1;1315
False;;(9, 10);;(9, 11);1;1316
False;;(9, 10);;(9, 11);1;1317
False;;(9, 10);;(9, 11);1;1318
False;;(9, 10);;(9, 11);1;1319
False;;(9, 10);;(9, 11);1;1320
False;;(9, 10);;(9, 11);1;1321
False;;(9, 10);;(9, 11);1;1322
False;;(9, 10);;(9, 11);1;1323
False;;(9, 10);;(9, 11);1;1324
False;;(9, 10);;(9, 11);1;1325
False;;(9, 10);;(9, 11);1;1326
False;;(9, 10);;(9, 11);1;1327
False;;(9, 10);;(9, 11);1;1328
False;;(9, 10);;(9, 11);1;1329
False;;(9, 10);;(9, 11);1;1330
False;;(9, 10);;(9, 11);1;1331
False;;(9, 10);;(9, 11);1;1332
False;;(9, 10);;(9, 11);1;1333
False;;(9, 10);;(9, 11);1;1334
False;;(9, 10);;(9, 11);1;1335
False;;(9, 10);;(9, 11);1;1336
False;;(9, 10);;(9, 11);1;1337
False;;(9, 10);;(9, 11);1;1338
False;;(9, 10);;(9, 11);1;1339
False;;(9, 10);;(9, 11);1;1340
False;;(9, 10);;(9, 11);1;1341
False;;(9, 10);;(9, 11);1;1342
False;;(9, 10);;(9, 11);1;1343
False;;(9, 10);;(9, 11);1;1344
False;;(9, 10);;(9, 11);1;1345
False;;(9, 10);;(9, 11);1;1346
False;;(9, 10);;(9, 11);1;1347
False;;(9, 10);;(9, 11);1;1348
False;;(9, 10);;(9, 11);1;1349
False;;(9, 10);;(9, 11);1;1350
False;;(9, 10);;(9, 11);1;1351
False;;(9, 10);;(9, 11);1;1352
False;;(9, 10);;(9, 11);1;1353
False;;(9, 10);;(9, 11);1;1354
False;;(9, 10);;(9, 11);1;1355
False;;(9, 10);;(9, 11);1;1356
False;;(9, 10);;(9, 11);1;1357
False;;(9, 10);;(9, 11);1;1358
False;;(9, 10);;(9, 11);1;1359
False;;(9, 10);;(9, 11);1;1360
False;;(9, 10);;(9, 11);1;1361
False;;(9, 10);;(9, 11);1;1362
False;;(9, 10);;(9, 11);1;1363
False;;(9, 10);;(9, 11);1;1364
False;;(9, 10);;(9, 11);1;1365
False;;(9, 10);;(9, 11);1;1366
False;;(9, 10);;(9, 11);1;1367
False;;(9, 10);;(9, 11);1;1368
False;;(9, 10);;(9, 11);1;1369
False;;(9, 10);;(9, 11);1;1370
False;;(9, 10);;(9, 11);1;1371
False;;(9, 10);;(9, 11);1;1372
False;;(9, 10);;(9, 11);1;1373
False;;(9, 10);;(9, 11);1;1374
False;;(9, 10);;(9, 11);1;1375
False;;(9, 10);;(9, 11);1;1376
False;;(9, 10);;(9, 11);1;1377
False;;(9, 10);;(9, 11);1;1378
False;;(9, 10);;(9, 11);1;1379
False;;(9, 10);;(9, 11);1;1380
False;;(9, 10);;(9, 11);1;1381
False;;(9, 10);;(9, 11);1;1382
False;;(9, 10);;(9, 11);1;1383
False;;(9, 10);;(9, 11);1;1384
False;;(9, 10);;(9, 11);1;1385
False;;(9, 10);;(9, 11);1;1386
False;;(9, 10);;(9, 11);1;1387
False;;(9, 10);;(9, 11);1;1388
False;;(9, 10);;(9, 11);1;1389
False;;(9, 10);;(9, 11);1;1390
False;;(9, 10);;(9, 11);1;1391
False;;(9, 10);;(9, 11);1;1392
False;;(9, 10);;(9, 11);1;1393
False;;(9, 10);;(9, 11);1;1394
False;;(9, 10);;(9, 11);1;1395
False;;(9, 10);;(9, 11);1;1396
False;;(9, 10);;(9, 11);1;1397
False;;(9, 10);;(9, 11);1;1398
False;;(9, 10);;(9, 11);1;1399
False;;(9, 10);;(9, 11);1;1400
False;;(9, 10);;(9, 11);1;1401
False;;(9, 10);;(9, 11);1;1402
False;;(9, 10);;(9, 11);1;1403
False;;(9, 10);;(9, 11);1;1404
False;;(9, 10);;(9, 11);1;1405
False;;(9, 10);;(9, 11);1;1406
False;;(9, 10);;(9, 11);1;1407
False;;(9, 10);;(9, 11);1;1408
False;;(9, 10);;(9, 11);1;1409
False;;(9, 10);;(9, 11);1;1410
False;;(9, 10);;(9, 11);1;1411
False;;(9, 10);;(9, 11);1;1412
False;;(9, 10);;(9, 11);1;1413
False;;(9, 10);;(9, 11);1;1414
False;;(9, 10);;(9, 11);1;1415
False;;(9, 10);;(9, 11);1;1416
False;;(9, 10);;(9, 11);1;1417
False;;(9, 10);;(9, 11);1;1418
False;;(9, 10);;(9, 11);1;1419
False;;(9, 10);;(9, 11);1;1420
False;;(9, 10);;(9, 11);1;1421
False;;(9, 10);;(9, 11);1;1422
False;;(9, 10);;(9, 11);1;1423
False;;(9, 10);;(9, 11);1;1424
False;;(9, 10);;(9, 11);1;1425
False;;(9, 10);;(9, 11);1;1426
False;;(9, 10);;(9, 11);1;1427
False;;(9, 10);;(9, 11);1;1428
False;;(9, 10);;(9, 11);1;1429
False;;(9, 10);;(9, 11);1;1430
False;;(9, 10);;(9, 11);1;1431
False;;(9, 10);;(9, 11);1;1432
False;;(9, 10);;(9, 11);1;1433
False;;(9, 10);;(9, 11);1;1434
False;;(9, 10);;(9, 11);1;1435
False;;(9, 10);;(9, 11);1;1436
False;;(9, 10);;(9, 11);1;1437
False;;(9, 10);;(9, 11);1;1438
False;;(9, 10);;(9, 11);1;1439
False;;(9, 10);;(9, 11);1;1440
False;;(9, 10);;(9, 11);1;1441
False;;(9, 10);;(9, 11);1;1442
False;;(9, 10);;(9, 11);1;1443
False;;(9, 10);;(9, 11);1;1444
False;;(9, 10);;(9, 11);1;1445
False;;(9, 10);;(9, 11);1;1446
False;;(9, 10);;(9, 11);1;1447
False;;(9, 10);;(9, 11);1;1448
False;;(9, 10);;(9, 11);1;1449
False;;(9, 10);;(9, 11);1;1450
False;;(9, 10);;(9, 11);1;1451
False;;(9, 10);;(9, 11);1;1452
False;;(9, 10);;(9, 11);1;1453
False;;(9, 10);;(9, 11);1;1454
False;;(9, 10);;(9, 11);1;1455
False;;(9, 10);;(9, 11);1;1456
False;;(9, 10);;(9, 11);1;1457
False;;(9, 10);;(9, 11);1;1458
False;;(9, 10);;(9, 11);1;1459
False;;(9, 10);;(9, 11);1;1460
False;;(9, 10);;(9, 11);1;1461
False;;(9, 10);;(9, 11);1;1462
False;;(9, 10);;(9, 11);1;1463
False;;(9, 10);;(9, 11);1;1464
False;;(9, 10);;(9, 11);1;1465
False;;(9, 10);;(9, 11);1;1466
False;;(9, 10);;(9, 11);1;1467
False;;(9, 10);;(9, 11);1;1468
False;;(9, 10);;(9, 11);1;1469
False;;(9, 10);;(9, 11);1;1470
False;;(9, 10);;(9, 11);1;1471
False;;(9, 10);;(9, 11);1;1472
False;;(9, 10);;(9, 11);1;1473
False;;(9, 10);;(9, 11);1;1474
False;;(9, 10);;(9, 11);1;1475
False;;(9, 10);;(9, 11);1;1476
False;;(9, 10);;(9, 11);1;1477
False;;(9, 10);;(9, 11);1;1478
False;;(9, 10);;(9, 11);1;1479
False;;(9, 10);;(9, 11);1;1480
False;;(9, 10);;(9, 11);1;1481
False;;(9, 10);;(9, 11);1;1482
False;;(9, 10);;(9, 11);1;1483
False;;(9, 10);;(9, 11);1;1484
False;;(9, 10);;(9, 11);1;1485
False;;(9, 10);;(9, 11);1;1486
False;;(9, 10);;(9, 11);1;1487
False;;(9, 10);;(9, 11);1;1488
False;;(9, 10);;(9, 11);1;1489
False;;(9, 10);;(9, 11);1;1490
False;;(9, 10);;(9, 11);1;1491
False;;(9, 10);;(9, 11);1;1492
False;;(9, 10);;(9, 11);1;1493
False;;(9, 10);;(9, 11);1;1494
False;;(9, 10);;(9, 11);1;1495
False;;(9, 10);;(9, 11);1;1496
False;;(9, 10);;(9, 11);1;1497
False;;(9, 10);;(9, 11);1;1498
False;;(9, 10);;(9, 11);1;1499
False;;(9, 10);;(9, 11);1;1500
False;;(9, 10);;(9, 11);1;1501
False;;(9, 10);;(9, 11);1;1502
False;;(9, 10);;(9, 11);1;1503
False;;(9, 10);;(9, 11);1;1504
False;;(9, 10);;(9, 11);1;1505
False;;(9, 10);;(9, 11);1;1506
False;;(9, 10);;(9, 11);1;1507
False;;(9, 10);;(9, 11);1;1508
False;;(9, 10);;(9, 11);1;1509
False;;(9, 10);;(9, 11);1;1510
False;;(9, 10);;(9, 11);1;1511
False;;(9, 10);;(9, 11);1;1512
False;;(9, 10);;(9, 11);1;1513
False;;(9, 10);;(9, 11);1;1514
False;;(9, 10);;(9, 11);1;1515
False;;(9, 10);;(9, 11);1;1516
False;;(9, 10);;(9, 11);1;1517
False;;(9, 10);;(9, 11);1;1518
False;;(9, 10);;(9, 11);1;1519
